Day,Date,Time,GymA,GymB,GymC,temperature,relative_humidity,apparent_temperature,precipitation,rain,showers,snowfall,weather_code,cloud_cover,wind_speed
Monday,04/12/2023,09:03:14,0,0,16,7.25,44.0,3.2618556022644043,0.0,0.0,0.0,0.0,1.0,22.0,8.89134407043457
Monday,04/12/2023,09:33:37,0,0,21,7.25,44.0,3.2618556022644043,0.0,0.0,0.0,0.0,1.0,22.0,8.89134407043457
Monday,04/12/2023,10:03:58,17,2,15,8.449999809265137,41.0,4.725878715515137,0.0,0.0,0.0,0.0,0.0,0.0,7.199999809265137
Monday,04/12/2023,10:34:21,21,8,21,8.449999809265137,41.0,4.725878715515137,0.0,0.0,0.0,0.0,0.0,0.0,7.199999809265137
Monday,04/12/2023,11:04:49,28,9,16,9.350000381469727,38.0,5.894892692565918,0.0,0.0,0.0,0.0,3.0,100.0,5.191993713378906
Monday,04/12/2023,11:35:11,15,9,16,9.350000381469727,38.0,5.894892692565918,0.0,0.0,0.0,0.0,3.0,100.0,5.191993713378906
Monday,04/12/2023,12:05:33,17,4,16,9.899999618530273,37.0,6.881871223449707,0.0,0.0,0.0,0.0,3.0,100.0,2.3051247596740723
Monday,04/12/2023,12:36:01,16,4,20,9.899999618530273,37.0,6.881871223449707,0.0,0.0,0.0,0.0,3.0,100.0,2.3051247596740723
Monday,04/12/2023,13:06:24,21,1,18,10.199999809265137,38.0,7.33055305480957,0.0,0.0,0.0,0.0,3.0,100.0,1.7999999523162842
Monday,04/12/2023,13:36:46,18,4,18,10.199999809265137,38.0,7.33055305480957,0.0,0.0,0.0,0.0,3.0,100.0,1.7999999523162842
Monday,04/12/2023,14:07:07,17,4,20,10.199999809265137,39.0,7.330166816711426,0.0,0.0,0.0,0.0,3.0,100.0,2.099142551422119
Monday,04/12/2023,14:37:37,17,10,23,10.199999809265137,39.0,7.330166816711426,0.0,0.0,0.0,0.0,3.0,100.0,2.099142551422119
Monday,04/12/2023,15:07:58,22,8,24,10.25,40.0,7.518851280212402,0.0,0.0,0.0,0.0,3.0,96.0,1.4843180179595947
Monday,04/12/2023,15:38:22,20,12,24,10.25,40.0,7.518851280212402,0.0,0.0,0.0,0.0,3.0,96.0,1.4843180179595947
Monday,04/12/2023,16:08:42,25,12,22,9.949999809265137,41.0,7.180879592895508,0.0,0.0,0.0,0.0,3.0,100.0,1.7999999523162842
Monday,04/12/2023,16:39:11,25,21,27,9.949999809265137,41.0,7.180879592895508,0.0,0.0,0.0,0.0,3.0,100.0,1.7999999523162842
Monday,04/12/2023,17:09:32,34,19,30,9.850000381469727,44.0,7.1264190673828125,0.0,0.0,0.0,0.0,3.0,86.0,2.2768397331237793
Monday,04/12/2023,17:39:53,31,19,38,9.850000381469727,44.0,7.1264190673828125,0.0,0.0,0.0,0.0,3.0,86.0,2.2768397331237793
Monday,04/12/2023,18:10:18,30,13,36,9.449999809265137,53.0,6.432858467102051,0.0,0.0,0.0,0.0,3.0,91.0,6.489992141723633
Monday,04/12/2023,18:40:50,25,15,40,9.449999809265137,53.0,6.432858467102051,0.0,0.0,0.0,0.0,3.0,91.0,6.489992141723633
Monday,04/12/2023,19:11:14,25,13,35,8.699999809265137,55.0,5.235058784484863,0.0,0.0,0.0,0.0,3.0,100.0,9.360000610351562
Monday,04/12/2023,19:41:38,27,15,39,8.699999809265137,55.0,5.235058784484863,0.0,0.0,0.0,0.0,3.0,100.0,9.360000610351562
Monday,04/12/2023,20:12:01,35,16,38,8.699999809265137,56.0,5.274150848388672,0.0,0.0,0.0,0.0,3.0,100.0,9.360000610351562
Monday,04/12/2023,20:42:37,36,19,49,8.699999809265137,56.0,5.274150848388672,0.0,0.0,0.0,0.0,3.0,100.0,9.360000610351562
Monday,04/12/2023,21:12:58,39,15,40,9.149999618530273,59.0,6.0088300704956055,0.0,0.0,0.0,0.0,3.0,100.0,8.699792861938477
Monday,04/12/2023,21:43:20,34,7,45,9.149999618530273,59.0,6.0088300704956055,0.0,0.0,0.0,0.0,3.0,100.0,8.699792861938477
Monday,04/12/2023,22:13:41,22,0,25,9.399999618530273,59.0,5.971164703369141,0.0,0.0,0.0,0.0,3.0,100.0,10.948972702026367
Tuesday,05/12/2023,06:58:51,0,0,0,10.149999618530273,64.0,5.585535049438477,0.0,0.0,0.0,0.0,2.0,68.0,21.068458557128906
Tuesday,05/12/2023,07:29:14,0,0,0,10.149999618530273,64.0,5.585535049438477,0.0,0.0,0.0,0.0,2.0,68.0,21.068458557128906
Tuesday,05/12/2023,07:59:36,0,0,0,10.75,64.0,6.176689147949219,0.0,0.0,0.0,0.0,3.0,93.0,21.900903701782227
Tuesday,05/12/2023,08:29:57,0,0,16,10.75,64.0,6.176689147949219,0.0,0.0,0.0,0.0,3.0,93.0,21.900903701782227
Tuesday,05/12/2023,09:00:28,0,0,20,11.75,62.0,6.901298522949219,0.0,0.0,0.0,0.0,2.0,87.0,24.479999542236328
Tuesday,05/12/2023,09:30:50,3,0,26,11.75,62.0,6.901298522949219,0.0,0.0,0.0,0.0,2.0,87.0,24.479999542236328
Tuesday,05/12/2023,10:01:14,11,1,21,12.649999618530273,67.0,8.303242683410645,0.0,0.0,0.0,0.0,3.0,98.0,24.023088455200195
Tuesday,05/12/2023,10:31:43,20,4,23,12.649999618530273,67.0,8.303242683410645,0.0,0.0,0.0,0.0,3.0,98.0,24.023088455200195
Tuesday,05/12/2023,11:02:06,22,9,20,12.649999618530273,68.0,8.07271957397461,0.0,0.0,0.0,0.0,3.0,100.0,25.952478408813477
Tuesday,05/12/2023,11:32:28,18,9,20,12.649999618530273,68.0,8.07271957397461,0.0,0.0,0.0,0.0,3.0,100.0,25.952478408813477
Tuesday,05/12/2023,12:02:49,15,11,13,12.399999618530273,75.0,7.743255615234375,0.0,0.0,0.0,0.0,61.0,100.0,28.5128173828125
Tuesday,05/12/2023,12:33:19,11,9,17,12.399999618530273,75.0,7.743255615234375,0.0,0.0,0.0,0.0,61.0,100.0,28.5128173828125
Tuesday,05/12/2023,13:03:42,16,8,14,12.25,79.0,7.691117286682129,0.0,0.0,0.0,0.0,61.0,100.0,28.948118209838867
Tuesday,05/12/2023,13:34:04,17,4,15,12.25,79.0,7.691117286682129,0.0,0.0,0.0,0.0,61.0,100.0,28.948118209838867
Tuesday,05/12/2023,14:04:25,20,3,9,12.350000381469727,78.0,7.77161979675293,0.0,0.0,0.0,0.0,61.0,100.0,28.916763305664062
Tuesday,05/12/2023,14:34:54,16,5,15,12.350000381469727,78.0,7.77161979675293,0.0,0.0,0.0,0.0,61.0,100.0,28.916763305664062
Tuesday,05/12/2023,15:05:20,11,5,20,12.199999809265137,78.0,7.81431770324707,0.0,0.0,0.0,0.0,3.0,100.0,27.333934783935547
Tuesday,05/12/2023,15:35:45,13,7,26,12.199999809265137,78.0,7.81431770324707,0.0,0.0,0.0,0.0,3.0,100.0,27.333934783935547
Tuesday,05/12/2023,16:06:07,14,6,23,11.949999809265137,80.0,7.776844024658203,0.20000000298023224,0.20000000298023224,0.0,0.0,61.0,100.0,26.111791610717773
Tuesday,05/12/2023,16:36:36,15,7,28,11.949999809265137,80.0,7.776844024658203,0.20000000298023224,0.20000000298023224,0.0,0.0,61.0,100.0,26.111791610717773
Tuesday,05/12/2023,17:06:59,10,6,29,11.850000381469727,83.0,8.152973175048828,0.8999999761581421,0.6000000238418579,0.10000000149011612,0.0,61.0,100.0,23.664352416992188
Tuesday,05/12/2023,17:37:21,13,6,26,11.850000381469727,83.0,8.152973175048828,0.8999999761581421,0.6000000238418579,0.10000000149011612,0.0,61.0,100.0,23.664352416992188
Tuesday,05/12/2023,18:07:45,21,6,26,12.149999618530273,81.0,8.355863571166992,0.30000001192092896,0.30000001192092896,0.0,0.0,61.0,100.0,24.203140258789062
Tuesday,05/12/2023,18:38:17,22,9,25,12.149999618530273,81.0,8.355863571166992,0.30000001192092896,0.30000001192092896,0.0,0.0,61.0,100.0,24.203140258789062
Tuesday,05/12/2023,19:08:41,20,9,29,12.300000190734863,83.0,8.824214935302734,0.5,0.5,0.0,0.0,61.0,100.0,22.972400665283203
Tuesday,05/12/2023,19:39:04,14,10,33,12.300000190734863,83.0,8.824214935302734,0.5,0.5,0.0,0.0,61.0,100.0,22.972400665283203
Tuesday,05/12/2023,20:09:32,18,8,27,12.149999618530273,85.0,8.818002700805664,0.6000000238418579,0.6000000238418579,0.0,0.0,61.0,100.0,22.383779525756836
Tuesday,05/12/2023,20:40:03,22,17,18,12.149999618530273,85.0,8.818002700805664,0.6000000238418579,0.6000000238418579,0.0,0.0,61.0,100.0,22.383779525756836
Tuesday,05/12/2023,21:10:24,25,16,14,11.949999809265137,88.0,9.701797485351562,1.0,1.0,0.0,0.0,63.0,100.0,15.575981140136719
Tuesday,05/12/2023,21:40:44,23,13,16,11.949999809265137,88.0,9.701797485351562,1.0,1.0,0.0,0.0,63.0,100.0,15.575981140136719
Tuesday,05/12/2023,22:11:05,20,4,18,12.0,90.0,9.97657585144043,1.100000023841858,1.100000023841858,0.0,0.0,63.0,100.0,14.799459457397461
Wednesday,06/12/2023,10:09:39,15,3,20,11.850000381469727,72.0,10.38885498046875,0.0,0.0,0.0,0.0,2.0,67.0,4.693825721740723
Wednesday,06/12/2023,10:31:35,18,4,20,11.850000381469727,72.0,10.38885498046875,0.0,0.0,0.0,0.0,2.0,67.0,4.693825721740723
Wednesday,06/12/2023,11:01:59,14,6,18,11.850000381469727,72.0,10.38885498046875,0.0,0.0,0.0,0.0,2.0,67.0,4.693825721740723
Wednesday,06/12/2023,11:32:22,13,8,14,12.300000190734863,70.0,10.827934265136719,0.0,0.0,0.0,0.0,1.0,18.0,4.802999019622803
Wednesday,06/12/2023,12:02:44,15,8,15,12.300000190734863,70.0,10.827934265136719,0.0,0.0,0.0,0.0,1.0,18.0,4.802999019622803
Wednesday,06/12/2023,12:33:12,16,11,13,12.600000381469727,68.0,10.949613571166992,0.0,0.0,0.0,0.0,1.0,8.0,5.804825305938721
Wednesday,06/12/2023,13:03:34,24,9,19,12.600000381469727,68.0,10.949613571166992,0.0,0.0,0.0,0.0,1.0,8.0,5.804825305938721
Wednesday,06/12/2023,13:33:57,22,13,18,12.699999809265137,67.0,10.97374153137207,0.0,0.0,0.0,0.0,1.0,4.0,6.130578994750977
Wednesday,06/12/2023,14:04:31,21,7,19,12.699999809265137,67.0,10.97374153137207,0.0,0.0,0.0,0.0,1.0,4.0,6.130578994750977
Wednesday,06/12/2023,14:34:53,13,10,17,12.550000190734863,68.0,10.688820838928223,0.0,0.0,0.0,0.0,1.0,7.0,7.172948837280273
Wednesday,06/12/2023,15:05:17,14,6,18,12.550000190734863,68.0,10.688820838928223,0.0,0.0,0.0,0.0,1.0,7.0,7.172948837280273
Wednesday,06/12/2023,15:35:41,17,12,24,12.300000190734863,67.0,10.359933853149414,0.0,0.0,0.0,0.0,1.0,0.0,6.989935874938965
Wednesday,06/12/2023,16:06:15,15,13,27,12.300000190734863,67.0,10.359933853149414,0.0,0.0,0.0,0.0,1.0,0.0,6.989935874938965
Wednesday,06/12/2023,16:36:35,20,18,36,11.75,71.0,9.92605972290039,0.0,0.0,0.0,0.0,1.0,3.0,6.696386814117432
Wednesday,06/12/2023,17:06:58,19,21,40,11.75,71.0,9.92605972290039,0.0,0.0,0.0,0.0,1.0,3.0,6.696386814117432
Wednesday,06/12/2023,17:37:24,26,20,44,11.149999618530273,71.0,9.124195098876953,0.0,0.0,0.0,0.0,1.0,17.0,7.172948837280273
Wednesday,06/12/2023,18:07:56,26,15,34,11.149999618530273,71.0,9.124195098876953,0.0,0.0,0.0,0.0,1.0,17.0,7.172948837280273
Wednesday,06/12/2023,18:38:21,28,9,26,10.800000190734863,72.0,8.82209587097168,0.0,0.0,0.0,0.0,1.0,27.0,6.6380720138549805
Wednesday,06/12/2023,18:56:56,26,10,32,10.800000190734863,72.0,8.82209587097168,0.0,0.0,0.0,0.0,1.0,27.0,6.6380720138549805
Wednesday,06/12/2023,19:27:18,25,21,32,10.800000190734863,72.0,8.82209587097168,0.0,0.0,0.0,0.0,1.0,27.0,6.6380720138549805
Wednesday,06/12/2023,19:57:38,17,21,34,10.5,75.0,8.555418968200684,0.0,0.0,0.0,0.0,2.0,43.0,6.8777899742126465
Wednesday,06/12/2023,20:27:59,28,19,33,10.5,75.0,8.555418968200684,0.0,0.0,0.0,0.0,2.0,43.0,6.8777899742126465
Wednesday,06/12/2023,20:58:25,33,7,32,10.699999809265137,68.0,8.43461799621582,0.0,0.0,0.0,0.0,2.0,56.0,7.235910415649414
Wednesday,06/12/2023,21:28:46,37,4,26,10.699999809265137,68.0,8.43461799621582,0.0,0.0,0.0,0.0,2.0,56.0,7.235910415649414
Wednesday,06/12/2023,21:59:05,27,0,18,10.550000190734863,62.0,7.910775184631348,0.0,0.0,0.0,0.0,80.0,90.0,7.771330833435059
Wednesday,06/12/2023,22:29:31,16,0,14,10.550000190734863,62.0,7.910775184631348,0.0,0.0,0.0,0.0,80.0,90.0,7.771330833435059
Wednesday,06/12/2023,22:59:51,7,0,5,10.350000381469727,61.0,7.485618591308594,0.0,0.0,0.0,0.0,3.0,84.0,8.766572952270508
Wednesday,06/12/2023,23:30:10,1,0,2,10.350000381469727,61.0,7.485618591308594,0.0,0.0,0.0,0.0,3.0,84.0,8.766572952270508
Thursday,07/12/2023,00:00:30,0,0,0,10.149999618530273,59.0,6.960410118103027,0.0,0.0,0.0,0.0,2.0,62.0,10.163227081298828
Thursday,07/12/2023,00:30:58,0,0,0,10.149999618530273,59.0,6.960410118103027,0.0,0.0,0.0,0.0,2.0,62.0,10.163227081298828
Thursday,07/12/2023,01:01:19,0,0,0,9.949999809265137,58.0,6.662873268127441,0.0,0.0,0.0,0.0,2.0,77.0,10.308830261230469
Thursday,07/12/2023,01:31:39,0,0,0,9.949999809265137,58.0,6.662873268127441,0.0,0.0,0.0,0.0,2.0,77.0,10.308830261230469
Thursday,07/12/2023,02:01:58,0,0,0,9.850000381469727,55.0,6.392448425292969,0.0,0.0,0.0,0.0,0.0,0.0,10.495713233947754
Thursday,07/12/2023,02:32:30,0,0,0,9.850000381469727,55.0,6.392448425292969,0.0,0.0,0.0,0.0,0.0,0.0,10.495713233947754
Thursday,07/12/2023,03:02:50,0,0,0,9.600000381469727,54.0,5.667520523071289,0.0,0.0,0.0,0.0,0.0,0.0,13.202726364135742
Thursday,07/12/2023,03:33:11,0,0,0,9.600000381469727,54.0,5.667520523071289,0.0,0.0,0.0,0.0,0.0,0.0,13.202726364135742
Thursday,07/12/2023,04:03:31,0,0,0,9.550000190734863,53.0,5.30594539642334,0.0,0.0,0.0,0.0,0.0,0.0,15.003839492797852
Thursday,07/12/2023,04:33:59,0,0,0,9.550000190734863,53.0,5.30594539642334,0.0,0.0,0.0,0.0,0.0,0.0,15.003839492797852
Thursday,07/12/2023,05:04:19,0,0,0,9.550000190734863,53.0,5.33192253112793,0.0,0.0,0.0,0.0,0.0,0.0,14.825706481933594
Thursday,07/12/2023,05:34:39,0,0,0,9.550000190734863,53.0,5.33192253112793,0.0,0.0,0.0,0.0,0.0,0.0,14.825706481933594
Thursday,07/12/2023,06:04:59,0,0,0,9.399999618530273,53.0,5.440040588378906,0.0,0.0,0.0,0.0,0.0,0.0,12.904882431030273
Thursday,07/12/2023,06:35:27,0,0,0,9.399999618530273,53.0,5.440040588378906,0.0,0.0,0.0,0.0,0.0,0.0,12.904882431030273
Thursday,07/12/2023,07:05:47,0,0,0,9.350000381469727,53.0,5.353684425354004,0.0,0.0,0.0,0.0,0.0,0.0,13.10419750213623
Thursday,07/12/2023,07:36:07,0,0,0,9.350000381469727,53.0,5.353684425354004,0.0,0.0,0.0,0.0,0.0,0.0,13.10419750213623
Thursday,07/12/2023,08:06:28,0,0,7,9.300000190734863,53.0,5.25856876373291,0.0,0.0,0.0,0.0,0.0,0.0,13.3637113571167
Thursday,07/12/2023,08:36:56,0,0,14,9.300000190734863,53.0,5.25856876373291,0.0,0.0,0.0,0.0,0.0,0.0,13.3637113571167
Thursday,07/12/2023,09:07:17,1,0,19,9.649999618530273,50.0,5.502618789672852,0.0,0.0,0.0,0.0,0.0,0.0,13.584932327270508
Thursday,07/12/2023,09:37:37,8,0,20,9.649999618530273,50.0,5.502618789672852,0.0,0.0,0.0,0.0,0.0,0.0,13.584932327270508
Thursday,07/12/2023,10:08:02,10,0,19,10.399999618530273,48.0,5.964302062988281,0.0,0.0,0.0,0.0,0.0,0.0,15.696165084838867
Thursday,07/12/2023,10:38:31,12,4,24,10.399999618530273,48.0,5.964302062988281,0.0,0.0,0.0,0.0,0.0,0.0,15.696165084838867
Thursday,07/12/2023,11:08:52,10,9,17,11.100000381469727,46.0,6.660707473754883,0.0,0.0,0.0,0.0,0.0,0.0,15.778515815734863
Thursday,07/12/2023,11:39:13,13,9,11,11.100000381469727,46.0,6.660707473754883,0.0,0.0,0.0,0.0,0.0,0.0,15.778515815734863
Thursday,07/12/2023,12:09:36,11,7,12,11.75,44.0,7.526457786560059,0.0,0.0,0.0,0.0,0.0,0.0,14.277982711791992
Thursday,07/12/2023,12:40:05,13,6,15,11.75,44.0,7.526457786560059,0.0,0.0,0.0,0.0,0.0,0.0,14.277982711791992
Thursday,07/12/2023,13:10:27,11,7,21,12.050000190734863,43.0,8.045724868774414,0.0,0.0,0.0,0.0,2.0,69.0,12.727921485900879
Thursday,07/12/2023,13:40:47,13,5,16,12.050000190734863,43.0,8.045724868774414,0.0,0.0,0.0,0.0,2.0,69.0,12.727921485900879
Thursday,07/12/2023,14:11:08,10,2,18,11.949999809265137,43.0,7.977787971496582,0.0,0.0,0.0,0.0,1.0,38.0,12.413476943969727
Thursday,07/12/2023,14:41:37,18,4,18,11.949999809265137,43.0,7.977787971496582,0.0,0.0,0.0,0.0,1.0,38.0,12.413476943969727
Thursday,07/12/2023,15:11:58,16,7,21,11.550000190734863,43.0,7.537930488586426,0.0,0.0,0.0,0.0,0.0,0.0,12.313894271850586
Thursday,07/12/2023,15:42:19,15,7,25,11.550000190734863,43.0,7.537930488586426,0.0,0.0,0.0,0.0,0.0,0.0,12.313894271850586
Thursday,07/12/2023,16:12:40,12,5,27,10.550000190734863,47.0,6.783474922180176,0.0,0.0,0.0,0.0,0.0,0.0,10.948972702026367
Thursday,07/12/2023,16:43:13,19,8,27,10.550000190734863,47.0,6.783474922180176,0.0,0.0,0.0,0.0,0.0,0.0,10.948972702026367
Thursday,07/12/2023,17:13:39,19,11,25,9.850000381469727,51.0,6.385088920593262,0.0,0.0,0.0,0.0,0.0,0.0,9.387651443481445
Thursday,07/12/2023,17:44:00,20,10,23,9.850000381469727,51.0,6.385088920593262,0.0,0.0,0.0,0.0,0.0,0.0,9.387651443481445
Thursday,07/12/2023,18:14:33,18,10,29,9.699999809265137,51.0,6.361453056335449,0.0,0.0,0.0,0.0,0.0,0.0,8.37338638305664
Thursday,07/12/2023,18:27:37,20,9,27,9.699999809265137,51.0,6.361453056335449,0.0,0.0,0.0,0.0,0.0,0.0,8.37338638305664
Thursday,07/12/2023,18:58:04,20,11,32,9.699999809265137,51.0,6.361453056335449,0.0,0.0,0.0,0.0,0.0,0.0,8.37338638305664
Thursday,07/12/2023,19:28:31,16,8,35,9.199999809265137,52.0,5.905919075012207,0.0,0.0,0.0,0.0,0.0,0.0,7.862518310546875
Thursday,07/12/2023,19:58:52,15,11,38,9.199999809265137,52.0,5.905919075012207,0.0,0.0,0.0,0.0,0.0,0.0,7.862518310546875
Thursday,07/12/2023,20:29:20,20,12,36,9.0,53.0,5.690342903137207,0.0,0.0,0.0,0.0,0.0,0.0,8.049844741821289
Thursday,07/12/2023,20:59:41,23,17,33,9.0,53.0,5.690342903137207,0.0,0.0,0.0,0.0,0.0,0.0,8.049844741821289
Thursday,07/12/2023,21:30:03,25,13,34,8.600000381469727,54.0,5.262282371520996,0.0,0.0,0.0,0.0,0.0,0.0,8.121970176696777
Thursday,07/12/2023,22:00:32,19,7,23,8.600000381469727,54.0,5.262282371520996,0.0,0.0,0.0,0.0,0.0,0.0,8.121970176696777
Thursday,07/12/2023,22:30:53,14,1,17,8.399999618530273,55.0,5.123514175415039,0.0,0.0,0.0,0.0,0.0,0.0,7.771330833435059
Thursday,07/12/2023,23:01:15,2,0,3,8.399999618530273,55.0,5.123514175415039,0.0,0.0,0.0,0.0,0.0,0.0,7.771330833435059
Thursday,07/12/2023,23:31:36,0,0,2,8.0,55.0,4.781024932861328,0.0,0.0,0.0,0.0,0.0,0.0,6.989935398101807
Friday,08/12/2023,00:02:05,0,0,0,8.0,55.0,4.781024932861328,0.0,0.0,0.0,0.0,0.0,0.0,6.989935398101807
Friday,08/12/2023,00:32:25,0,0,0,7.75,55.0,4.419560432434082,0.0,0.0,0.0,0.0,0.0,0.0,7.5170207023620605
Friday,08/12/2023,01:02:45,0,0,0,7.75,55.0,4.419560432434082,0.0,0.0,0.0,0.0,0.0,0.0,7.5170207023620605
Friday,08/12/2023,01:33:07,0,0,0,7.550000190734863,55.0,4.108695983886719,0.0,0.0,0.0,0.0,0.0,0.0,8.08999252319336
Friday,08/12/2023,02:03:34,0,0,0,7.550000190734863,55.0,4.108695983886719,0.0,0.0,0.0,0.0,0.0,0.0,8.08999252319336
Friday,08/12/2023,02:33:54,0,0,0,7.25,56.0,3.8711023330688477,0.0,0.0,0.0,0.0,0.0,0.0,7.628262996673584
Friday,08/12/2023,03:04:16,0,0,0,7.25,56.0,3.8711023330688477,0.0,0.0,0.0,0.0,0.0,0.0,7.628262996673584
Friday,08/12/2023,03:34:37,0,0,0,7.099999904632568,56.0,3.6824088096618652,0.0,0.0,0.0,0.0,0.0,0.0,7.754636764526367
Friday,08/12/2023,04:05:07,0,0,0,7.099999904632568,56.0,3.6824088096618652,0.0,0.0,0.0,0.0,0.0,0.0,7.754636764526367
Friday,08/12/2023,04:35:28,0,0,0,6.949999809265137,55.0,3.5624561309814453,0.0,0.0,0.0,0.0,0.0,0.0,7.172948837280273
Friday,08/12/2023,05:05:50,0,0,0,6.949999809265137,55.0,3.5624561309814453,0.0,0.0,0.0,0.0,0.0,0.0,7.172948837280273
Friday,08/12/2023,05:36:13,0,0,0,7.050000190734863,56.0,3.710524559020996,0.0,0.0,0.0,0.0,0.0,0.0,7.172948837280273
Friday,08/12/2023,06:06:41,0,0,0,7.050000190734863,56.0,3.710524559020996,0.0,0.0,0.0,0.0,0.0,0.0,7.172948837280273
Friday,08/12/2023,06:37:02,0,0,0,6.900000095367432,56.0,3.504242420196533,0.0,0.0,0.0,0.0,0.0,0.0,7.4215898513793945
Friday,08/12/2023,07:07:24,0,0,0,6.900000095367432,56.0,3.504242420196533,0.0,0.0,0.0,0.0,0.0,0.0,7.4215898513793945
Friday,08/12/2023,07:37:45,0,0,0,6.849999904632568,56.0,3.4261741638183594,0.0,0.0,0.0,0.0,0.0,0.0,7.56856632232666
Friday,08/12/2023,08:08:14,0,0,5,6.849999904632568,56.0,3.4261741638183594,0.0,0.0,0.0,0.0,0.0,0.0,7.56856632232666
Friday,08/12/2023,08:38:36,0,0,22,7.099999904632568,52.0,3.638927459716797,0.0,0.0,0.0,0.0,1.0,26.0,7.091177463531494
Friday,08/12/2023,09:08:59,7,0,29,7.099999904632568,52.0,3.638927459716797,0.0,0.0,0.0,0.0,1.0,26.0,7.091177463531494
Friday,08/12/2023,09:39:20,10,0,29,7.949999809265137,49.0,4.628009796142578,0.0,0.0,0.0,0.0,2.0,92.0,6.119999885559082
Friday,08/12/2023,10:09:51,13,2,20,7.949999809265137,49.0,4.628009796142578,0.0,0.0,0.0,0.0,2.0,92.0,6.119999885559082
Friday,08/12/2023,10:40:12,13,3,16,8.949999809265137,45.0,5.816768646240234,0.0,0.0,0.0,0.0,0.0,0.0,4.6102495193481445
Friday,08/12/2023,11:10:33,16,7,18,8.949999809265137,45.0,5.816768646240234,0.0,0.0,0.0,0.0,0.0,0.0,4.6102495193481445
Friday,08/12/2023,11:40:55,23,11,14,9.550000190734863,40.0,6.556025505065918,0.0,0.0,0.0,0.0,0.0,0.0,2.741678237915039
Friday,08/12/2023,12:11:25,19,11,14,9.550000190734863,40.0,6.556025505065918,0.0,0.0,0.0,0.0,0.0,0.0,2.741678237915039
Friday,08/12/2023,12:41:47,22,7,15,10.100000381469727,38.0,7.247323036193848,0.0,0.0,0.0,0.0,0.0,0.0,1.6099690198898315
Friday,08/12/2023,13:12:09,15,3,15,10.100000381469727,38.0,7.247323036193848,0.0,0.0,0.0,0.0,0.0,0.0,1.6099690198898315
Friday,08/12/2023,13:42:32,16,4,20,10.399999618530273,38.0,7.509008407592773,0.0,0.0,0.0,0.0,3.0,100.0,2.099142551422119
Friday,08/12/2023,14:13:03,18,3,14,10.399999618530273,38.0,7.509008407592773,0.0,0.0,0.0,0.0,3.0,100.0,2.099142551422119
Friday,08/12/2023,14:43:28,20,8,14,10.399999618530273,41.0,7.631591796875,0.0,0.0,0.0,0.0,2.0,72.0,2.1600000858306885
Friday,08/12/2023,15:13:51,21,8,12,10.399999618530273,41.0,7.631591796875,0.0,0.0,0.0,0.0,2.0,72.0,2.1600000858306885
Friday,08/12/2023,15:44:18,19,10,18,10.199999809265137,42.0,7.503506660461426,0.0,0.0,0.0,0.0,3.0,92.0,1.7999999523162842
Friday,08/12/2023,16:14:50,16,5,25,10.199999809265137,42.0,7.503506660461426,0.0,0.0,0.0,0.0,3.0,92.0,1.7999999523162842
Friday,08/12/2023,16:45:12,16,7,29,9.649999618530273,48.0,6.902346611022949,0.0,0.0,0.0,0.0,2.0,73.0,3.415259599685669
Friday,08/12/2023,17:15:35,15,8,32,9.649999618530273,48.0,6.902346611022949,0.0,0.0,0.0,0.0,2.0,73.0,3.415259599685669
Friday,08/12/2023,17:45:59,19,10,24,8.649999618530273,58.0,5.613625526428223,0.0,0.0,0.0,0.0,3.0,82.0,7.172948837280273
Friday,08/12/2023,18:16:31,21,9,25,8.649999618530273,58.0,5.613625526428223,0.0,0.0,0.0,0.0,3.0,82.0,7.172948837280273
Friday,08/12/2023,22:08:07,15,1,9,8.0,55.0,4.667071342468262,0.0,0.0,0.0,0.0,2.0,49.0,7.771330833435059
Friday,08/12/2023,22:38:32,3,0,2,8.0,55.0,4.667071342468262,0.0,0.0,0.0,0.0,2.0,49.0,7.771330833435059
Friday,08/12/2023,23:08:52,2,0,2,7.949999809265137,59.0,4.795809745788574,0.0,0.0,0.0,0.0,2.0,82.0,7.5170207023620605
Friday,08/12/2023,23:39:11,0,0,0,7.949999809265137,59.0,4.795809745788574,0.0,0.0,0.0,0.0,2.0,82.0,7.5170207023620605
Saturday,09/12/2023,00:09:37,0,0,0,7.900000095367432,62.0,4.7990617752075195,0.0,0.0,0.0,0.0,3.0,89.0,7.862518310546875
Saturday,09/12/2023,00:39:57,0,0,0,7.900000095367432,62.0,4.7990617752075195,0.0,0.0,0.0,0.0,3.0,89.0,7.862518310546875
Saturday,09/12/2023,01:10:22,0,0,0,7.800000190734863,62.0,4.747786521911621,0.0,0.0,0.0,0.0,3.0,100.0,7.4215898513793945
Saturday,09/12/2023,01:40:48,0,0,0,7.800000190734863,62.0,4.747786521911621,0.0,0.0,0.0,0.0,3.0,100.0,7.4215898513793945
Saturday,09/12/2023,02:11:08,0,0,0,7.699999809265137,62.0,4.618386268615723,0.0,0.0,0.0,0.0,3.0,100.0,7.5170207023620605
Saturday,09/12/2023,02:41:29,0,0,0,7.699999809265137,62.0,4.618386268615723,0.0,0.0,0.0,0.0,3.0,100.0,7.5170207023620605
Saturday,09/12/2023,03:11:49,0,0,0,7.800000190734863,60.0,4.644094467163086,0.0,0.0,0.0,0.0,3.0,100.0,7.628262996673584
Saturday,09/12/2023,03:42:17,0,0,0,7.800000190734863,60.0,4.644094467163086,0.0,0.0,0.0,0.0,3.0,100.0,7.628262996673584
Saturday,09/12/2023,04:12:38,0,0,0,7.699999809265137,59.0,4.508807182312012,0.0,0.0,0.0,0.0,3.0,100.0,7.5170207023620605
Saturday,09/12/2023,04:42:59,0,0,0,7.699999809265137,59.0,4.508807182312012,0.0,0.0,0.0,0.0,3.0,100.0,7.5170207023620605
Saturday,09/12/2023,05:13:19,0,0,0,7.550000190734863,56.0,4.2284088134765625,0.0,0.0,0.0,0.0,3.0,100.0,7.5170207023620605
Saturday,09/12/2023,05:43:47,0,0,0,7.550000190734863,56.0,4.2284088134765625,0.0,0.0,0.0,0.0,3.0,100.0,7.5170207023620605
Saturday,09/12/2023,06:14:07,0,0,0,7.800000190734863,51.0,4.2283830642700195,0.0,0.0,0.0,0.0,3.0,100.0,8.20926284790039
Saturday,09/12/2023,06:44:30,0,0,0,7.800000190734863,51.0,4.2283830642700195,0.0,0.0,0.0,0.0,3.0,100.0,8.20926284790039
Saturday,09/12/2023,07:14:50,0,0,0,8.0,49.0,4.364654541015625,0.0,0.0,0.0,0.0,3.0,100.0,8.31124496459961
Saturday,09/12/2023,07:45:20,0,0,0,8.0,49.0,4.364654541015625,0.0,0.0,0.0,0.0,3.0,100.0,8.31124496459961
Saturday,09/12/2023,08:15:40,0,0,0,8.399999618530273,48.0,4.906374931335449,0.0,0.0,0.0,0.0,3.0,100.0,7.4215898513793945
Saturday,09/12/2023,08:46:03,0,0,0,8.399999618530273,48.0,4.906374931335449,0.0,0.0,0.0,0.0,3.0,100.0,7.4215898513793945
Saturday,09/12/2023,09:16:30,3,0,6,9.0,46.0,5.588916778564453,0.0,0.0,0.0,0.0,3.0,100.0,6.830519199371338
Saturday,09/12/2023,09:47:10,4,0,8,9.0,46.0,5.588916778564453,0.0,0.0,0.0,0.0,3.0,100.0,6.830519199371338
Saturday,09/12/2023,10:17:32,8,2,12,9.850000381469727,42.0,6.500208854675293,0.0,0.0,0.0,0.0,3.0,100.0,5.991593837738037
Saturday,09/12/2023,10:47:56,6,3,9,9.850000381469727,42.0,6.500208854675293,0.0,0.0,0.0,0.0,3.0,100.0,5.991593837738037
Saturday,09/12/2023,11:18:23,15,6,11,10.699999809265137,39.0,7.41297721862793,0.0,0.0,0.0,0.0,3.0,100.0,5.351784706115723
Saturday,09/12/2023,11:48:55,13,5,13,10.699999809265137,39.0,7.41297721862793,0.0,0.0,0.0,0.0,3.0,100.0,5.351784706115723
Saturday,09/12/2023,12:19:19,18,6,20,11.0,39.0,7.786088943481445,0.0,0.0,0.0,0.0,3.0,100.0,5.091168403625488
Saturday,09/12/2023,12:49:44,14,6,27,11.0,39.0,7.786088943481445,0.0,0.0,0.0,0.0,3.0,100.0,5.091168403625488
Saturday,09/12/2023,13:20:08,14,6,24,11.149999618530273,40.0,8.360188484191895,0.0,0.0,0.0,0.0,3.0,100.0,2.6208393573760986
Saturday,09/12/2023,13:50:39,15,4,21,11.149999618530273,40.0,8.360188484191895,0.0,0.0,0.0,0.0,3.0,100.0,2.6208393573760986
Saturday,09/12/2023,14:21:06,14,3,15,11.149999618530273,41.0,8.365185737609863,0.0,0.0,0.0,0.0,3.0,100.0,2.9024126529693604
Saturday,09/12/2023,14:51:28,12,4,16,11.149999618530273,41.0,8.365185737609863,0.0,0.0,0.0,0.0,3.0,100.0,2.9024126529693604
Saturday,09/12/2023,15:21:50,13,5,12,11.050000190734863,43.0,7.979982376098633,0.0,0.0,0.0,0.0,2.0,68.0,5.399999618530273
Saturday,09/12/2023,15:52:21,8,5,23,11.050000190734863,43.0,7.979982376098633,0.0,0.0,0.0,0.0,2.0,68.0,5.399999618530273
Saturday,09/12/2023,16:22:44,9,6,27,10.5,52.0,7.533987045288086,0.0,0.0,0.0,0.0,2.0,62.0,6.92473840713501
Saturday,09/12/2023,16:53:09,4,8,28,10.5,52.0,7.533987045288086,0.0,0.0,0.0,0.0,2.0,62.0,6.92473840713501
Saturday,09/12/2023,17:23:39,7,7,23,9.699999809265137,65.0,7.164973258972168,0.0,0.0,0.0,0.0,2.0,49.0,6.877789497375488
Saturday,09/12/2023,17:34:09,12,5,21,9.699999809265137,65.0,7.164973258972168,0.0,0.0,0.0,0.0,2.0,49.0,6.877789497375488
Saturday,09/12/2023,18:04:35,18,7,21,9.699999809265137,65.0,7.164973258972168,0.0,0.0,0.0,0.0,2.0,49.0,6.877789497375488
Saturday,09/12/2023,18:35:03,22,7,25,9.25,59.0,6.081113815307617,0.0,0.0,0.0,0.0,2.0,65.0,9.0
Saturday,09/12/2023,19:05:28,22,6,16,9.25,59.0,6.081113815307617,0.0,0.0,0.0,0.0,2.0,65.0,9.0
Saturday,09/12/2023,19:36:00,17,5,16,9.100000381469727,58.0,5.801329612731934,0.0,0.0,0.0,0.0,3.0,91.0,9.44957160949707
Saturday,09/12/2023,20:06:23,12,1,13,9.100000381469727,58.0,5.801329612731934,0.0,0.0,0.0,0.0,3.0,91.0,9.44957160949707
Saturday,09/12/2023,20:36:55,5,1,12,9.149999618530273,59.0,5.8668718338012695,0.0,0.0,0.0,0.0,3.0,86.0,9.67322063446045
Sunday,10/12/2023,10:00:11,0,0,0,9.300000190734863,76.0,6.211864471435547,0.5,0.5,0.0,0.0,61.0,100.0,13.246826171875
Sunday,10/12/2023,10:30:34,0,0,0,9.300000190734863,76.0,6.211864471435547,0.5,0.5,0.0,0.0,61.0,100.0,13.246826171875
Sunday,10/12/2023,11:00:56,0,0,0,9.949999809265137,76.0,7.291477203369141,0.20000000298023224,0.20000000298023224,0.0,0.0,61.0,100.0,11.246759414672852
Sunday,10/12/2023,11:31:17,0,0,0,9.949999809265137,76.0,7.291477203369141,0.20000000298023224,0.20000000298023224,0.0,0.0,61.0,100.0,11.246759414672852
Sunday,10/12/2023,12:01:44,0,0,0,9.699999809265137,75.0,6.395557403564453,0.30000001192092896,0.30000001192092896,0.0,0.0,61.0,100.0,15.02110481262207
Sunday,10/12/2023,12:32:05,0,0,0,9.699999809265137,75.0,6.395557403564453,0.30000001192092896,0.30000001192092896,0.0,0.0,61.0,100.0,15.02110481262207
Sunday,10/12/2023,13:02:27,0,0,0,9.699999809265137,72.0,5.918909072875977,0.30000001192092896,0.30000001192092896,0.0,0.0,61.0,95.0,17.429353713989258
Sunday,10/12/2023,13:32:54,0,0,12,9.699999809265137,72.0,5.918909072875977,0.30000001192092896,0.30000001192092896,0.0,0.0,61.0,95.0,17.429353713989258
Sunday,10/12/2023,14:03:16,0,0,20,10.0,70.0,6.686286926269531,0.0,0.0,0.0,0.0,61.0,100.0,14.058449745178223
Sunday,10/12/2023,14:33:38,0,0,25,10.0,70.0,6.686286926269531,0.0,0.0,0.0,0.0,61.0,100.0,14.058449745178223
Sunday,10/12/2023,15:03:59,0,0,19,10.600000381469727,68.0,8.148571968078613,0.0,0.0,0.0,0.0,2.0,54.0,8.37338638305664
Sunday,10/12/2023,15:34:31,0,0,16,10.600000381469727,68.0,8.148571968078613,0.0,0.0,0.0,0.0,2.0,54.0,8.37338638305664
Sunday,10/12/2023,16:04:52,0,0,22,10.449999809265137,71.0,8.541090965270996,0.0,0.0,0.0,0.0,1.0,35.0,5.351784706115723
Sunday,10/12/2023,16:35:14,0,0,22,10.449999809265137,71.0,8.541090965270996,0.0,0.0,0.0,0.0,1.0,35.0,5.351784706115723
Sunday,10/12/2023,17:05:36,0,0,25,10.199999809265137,70.0,8.31259822845459,0.0,0.0,0.0,0.0,2.0,38.0,4.553679466247559
Sunday,10/12/2023,17:36:06,0,0,21,10.199999809265137,70.0,8.31259822845459,0.0,0.0,0.0,0.0,2.0,38.0,4.553679466247559
Sunday,10/12/2023,18:22:22,0,0,26,10.399999618530273,67.0,8.403392791748047,0.0,0.0,0.0,0.0,1.0,26.0,4.680000305175781
Sunday,10/12/2023,18:52:46,0,0,18,10.399999618530273,67.0,8.403392791748047,0.0,0.0,0.0,0.0,1.0,26.0,4.680000305175781
Sunday,10/12/2023,19:23:10,0,0,6,9.949999809265137,66.0,7.857027053833008,0.0,0.0,0.0,0.0,0.0,0.0,4.452953815460205
Sunday,10/12/2023,19:53:30,0,0,0,9.949999809265137,66.0,7.857027053833008,0.0,0.0,0.0,0.0,0.0,0.0,4.452953815460205
Sunday,10/12/2023,20:23:57,0,0,0,9.649999618530273,66.0,7.356088638305664,0.0,0.0,0.0,0.0,0.0,0.0,5.447788238525391
Sunday,10/12/2023,20:54:18,0,0,0,9.649999618530273,66.0,7.356088638305664,0.0,0.0,0.0,0.0,0.0,0.0,5.447788238525391
Sunday,10/12/2023,21:24:38,0,0,0,9.5,67.0,6.964254379272461,0.0,0.0,0.0,0.0,0.0,0.0,7.199999809265137
Sunday,10/12/2023,21:55:05,0,0,0,9.5,67.0,6.964254379272461,0.0,0.0,0.0,0.0,0.0,0.0,7.199999809265137
Sunday,10/12/2023,22:25:27,0,0,0,9.5,65.0,6.921882629394531,0.0,0.0,0.0,0.0,0.0,0.0,6.924737930297852
Sunday,10/12/2023,22:55:47,0,0,0,9.5,65.0,6.921882629394531,0.0,0.0,0.0,0.0,0.0,0.0,6.924737930297852
Sunday,10/12/2023,23:26:08,0,0,0,9.199999809265137,64.0,6.607434272766113,0.0,0.0,0.0,0.0,0.0,0.0,6.379216194152832
Sunday,10/12/2023,23:56:36,0,0,0,9.199999809265137,64.0,6.607434272766113,0.0,0.0,0.0,0.0,0.0,0.0,6.379216194152832
Monday,11/12/2023,00:26:55,0,0,0,9.149999618530273,64.0,6.294582366943359,0.0,0.0,0.0,0.0,0.0,0.0,8.121970176696777
Monday,11/12/2023,00:57:15,0,0,0,9.149999618530273,64.0,6.294582366943359,0.0,0.0,0.0,0.0,0.0,0.0,8.121970176696777
Monday,11/12/2023,01:27:36,0,0,0,9.100000381469727,64.0,6.208305358886719,0.0,0.0,0.0,0.0,0.0,0.0,8.31124496459961
Monday,11/12/2023,01:58:04,0,0,0,9.100000381469727,64.0,6.208305358886719,0.0,0.0,0.0,0.0,0.0,0.0,8.31124496459961
Monday,11/12/2023,02:28:24,0,0,0,8.800000190734863,65.0,6.045166969299316,0.0,0.0,0.0,0.0,3.0,81.0,7.2894439697265625
Monday,11/12/2023,02:58:44,0,0,0,8.800000190734863,65.0,6.045166969299316,0.0,0.0,0.0,0.0,3.0,81.0,7.2894439697265625
Monday,11/12/2023,03:29:04,0,0,0,8.850000381469727,65.0,6.035980224609375,0.0,0.0,0.0,0.0,3.0,100.0,7.754636764526367
Monday,11/12/2023,03:59:32,0,0,0,8.850000381469727,65.0,6.035980224609375,0.0,0.0,0.0,0.0,3.0,100.0,7.754636764526367
Monday,11/12/2023,04:29:52,0,0,0,8.899999618530273,64.0,5.744319915771484,0.0,0.0,0.0,0.0,3.0,100.0,9.885261535644531
Monday,11/12/2023,05:00:19,0,0,0,8.899999618530273,64.0,5.744319915771484,0.0,0.0,0.0,0.0,3.0,100.0,9.885261535644531
Monday,11/12/2023,05:30:40,0,0,0,9.0,64.0,5.8894853591918945,0.0,0.0,0.0,0.0,3.0,100.0,9.693296432495117
Monday,11/12/2023,06:01:09,0,0,0,9.0,64.0,5.8894853591918945,0.0,0.0,0.0,0.0,3.0,100.0,9.693296432495117
Monday,11/12/2023,06:31:28,0,0,0,8.949999809265137,65.0,5.897216796875,0.0,0.0,0.0,0.0,3.0,100.0,9.511088371276855
Monday,11/12/2023,07:01:49,0,0,0,8.949999809265137,65.0,5.897216796875,0.0,0.0,0.0,0.0,3.0,100.0,9.511088371276855
Monday,11/12/2023,07:32:10,0,0,0,8.649999618530273,67.0,5.69362735748291,0.0,0.0,0.0,0.0,3.0,100.0,9.028754234313965
Monday,11/12/2023,08:02:40,0,0,5,8.649999618530273,67.0,5.69362735748291,0.0,0.0,0.0,0.0,3.0,100.0,9.028754234313965
Monday,11/12/2023,08:33:03,0,0,14,8.850000381469727,67.0,5.907353401184082,0.0,0.0,0.0,0.0,3.0,100.0,9.178235054016113
Monday,11/12/2023,09:03:24,2,0,24,8.850000381469727,67.0,5.907353401184082,0.0,0.0,0.0,0.0,3.0,100.0,9.178235054016113
Monday,11/12/2023,09:33:46,4,0,27,10.0,63.0,6.936293601989746,0.0,0.0,0.0,0.0,3.0,100.0,10.29625129699707
Monday,11/12/2023,10:04:24,8,0,24,10.0,63.0,6.936293601989746,0.0,0.0,0.0,0.0,3.0,100.0,10.29625129699707
Monday,11/12/2023,10:34:53,10,6,21,11.199999809265137,62.0,8.154994010925293,0.0,0.0,0.0,0.0,3.0,100.0,11.384198188781738
Monday,11/12/2023,11:05:18,13,9,20,11.199999809265137,62.0,8.154994010925293,0.0,0.0,0.0,0.0,3.0,100.0,11.384198188781738
Monday,11/12/2023,11:35:40,12,9,20,12.399999618530273,59.0,9.348808288574219,0.0,0.0,0.0,0.0,2.0,50.0,12.015588760375977
Monday,11/12/2023,12:06:10,14,3,20,12.399999618530273,59.0,9.348808288574219,0.0,0.0,0.0,0.0,2.0,50.0,12.015588760375977
Monday,11/12/2023,12:36:31,15,3,22,13.0,53.0,9.823904991149902,0.0,0.0,0.0,0.0,1.0,0.0,11.54247760772705
Monday,11/12/2023,13:06:53,23,5,22,13.0,53.0,9.823904991149902,0.0,0.0,0.0,0.0,1.0,0.0,11.54247760772705
Monday,11/12/2023,13:37:15,25,8,21,13.149999618530273,53.0,10.003491401672363,0.0,0.0,0.0,0.0,2.0,52.0,11.525623321533203
Monday,11/12/2023,14:07:46,22,5,25,13.149999618530273,53.0,10.003491401672363,0.0,0.0,0.0,0.0,2.0,52.0,11.525623321533203
Monday,11/12/2023,14:38:08,19,10,25,12.550000190734863,63.0,9.697311401367188,0.0,0.0,0.0,0.0,3.0,97.0,12.239999771118164
Monday,11/12/2023,15:08:29,18,10,29,12.550000190734863,63.0,9.697311401367188,0.0,0.0,0.0,0.0,3.0,97.0,12.239999771118164
Monday,11/12/2023,15:38:51,26,11,27,12.050000190734863,72.0,9.327193260192871,0.0,0.0,0.0,0.0,3.0,100.0,13.661038398742676
Monday,11/12/2023,16:09:21,24,10,27,12.050000190734863,72.0,9.327193260192871,0.0,0.0,0.0,0.0,3.0,100.0,13.661038398742676
Monday,11/12/2023,16:39:44,24,11,32,11.75,75.0,9.02805233001709,0.0,0.0,0.0,0.0,3.0,100.0,14.168641090393066
Monday,11/12/2023,17:10:06,24,14,38,11.75,75.0,9.02805233001709,0.0,0.0,0.0,0.0,3.0,100.0,14.168641090393066
Monday,11/12/2023,17:40:30,34,11,41,11.850000381469727,75.0,9.307065963745117,0.0,0.0,0.0,0.0,3.0,100.0,13.10419750213623
Monday,11/12/2023,18:11:01,39,10,34,11.850000381469727,75.0,9.307065963745117,0.0,0.0,0.0,0.0,3.0,100.0,13.10419750213623
Monday,11/12/2023,18:37:03,35,10,26,11.850000381469727,75.0,9.307065963745117,0.0,0.0,0.0,0.0,3.0,100.0,13.10419750213623
Monday,11/12/2023,19:07:32,27,18,22,11.850000381469727,74.0,9.098929405212402,0.0,0.0,0.0,0.0,61.0,100.0,14.2006196975708
Monday,11/12/2023,19:37:55,27,19,35,11.850000381469727,74.0,9.098929405212402,0.0,0.0,0.0,0.0,61.0,100.0,14.2006196975708
Monday,11/12/2023,20:08:16,29,16,49,11.75,74.0,8.774890899658203,0.0,0.0,0.0,0.0,61.0,100.0,15.575981140136719
Monday,11/12/2023,20:38:43,25,15,59,11.75,74.0,8.774890899658203,0.0,0.0,0.0,0.0,61.0,100.0,15.575981140136719
Monday,11/12/2023,21:09:04,29,11,41,11.800000190734863,74.0,8.556581497192383,0.10000000149011612,0.10000000149011612,0.0,0.0,61.0,100.0,17.49614906311035
Monday,11/12/2023,21:39:24,25,10,29,11.800000190734863,74.0,8.556581497192383,0.10000000149011612,0.10000000149011612,0.0,0.0,61.0,100.0,17.49614906311035
Monday,11/12/2023,22:09:53,30,3,15,11.850000381469727,75.0,8.611534118652344,0.20000000298023224,0.20000000298023224,0.0,0.0,61.0,100.0,17.87355613708496
Monday,11/12/2023,22:40:13,20,1,13,11.850000381469727,75.0,8.611534118652344,0.20000000298023224,0.20000000298023224,0.0,0.0,61.0,100.0,17.87355613708496
Monday,11/12/2023,23:10:34,14,0,4,12.100000381469727,73.0,9.00993824005127,0.0,0.0,0.0,0.0,61.0,100.0,16.595178604125977
Monday,11/12/2023,23:40:54,1,0,0,12.100000381469727,73.0,9.00993824005127,0.0,0.0,0.0,0.0,61.0,100.0,16.595178604125977
Tuesday,12/12/2023,00:11:15,0,0,0,12.300000190734863,74.0,9.519013404846191,0.0,0.0,0.0,0.0,61.0,100.0,15.141413688659668
Tuesday,12/12/2023,00:41:43,0,0,0,12.300000190734863,74.0,9.519013404846191,0.0,0.0,0.0,0.0,61.0,100.0,15.141413688659668
Tuesday,12/12/2023,01:12:03,0,0,0,12.350000381469727,74.0,9.529289245605469,0.10000000149011612,0.10000000149011612,0.0,0.0,61.0,100.0,15.496735572814941
Tuesday,12/12/2023,01:42:23,0,0,0,12.350000381469727,74.0,9.529289245605469,0.10000000149011612,0.10000000149011612,0.0,0.0,61.0,100.0,15.496735572814941
Tuesday,12/12/2023,02:12:43,0,0,0,12.300000190734863,74.0,9.395167350769043,0.0,0.0,0.0,0.0,61.0,100.0,15.990646362304688
Tuesday,12/12/2023,02:43:11,0,0,0,12.300000190734863,74.0,9.395167350769043,0.0,0.0,0.0,0.0,61.0,100.0,15.990646362304688
Tuesday,12/12/2023,03:13:31,0,0,0,12.350000381469727,76.0,9.775854110717773,0.0,0.0,0.0,0.0,80.0,96.0,14.489720344543457
Tuesday,12/12/2023,03:43:50,0,0,0,12.350000381469727,76.0,9.775854110717773,0.0,0.0,0.0,0.0,80.0,96.0,14.489720344543457
Tuesday,12/12/2023,04:14:11,0,0,0,12.5,75.0,9.850641250610352,0.0,0.0,0.0,0.0,3.0,100.0,14.917211532592773
Tuesday,12/12/2023,04:44:40,0,0,0,12.5,75.0,9.850641250610352,0.0,0.0,0.0,0.0,3.0,100.0,14.917211532592773
Tuesday,12/12/2023,05:15:00,0,0,0,12.550000190734863,76.0,10.022636413574219,0.0,0.0,0.0,0.0,3.0,100.0,14.512063980102539
Tuesday,12/12/2023,05:45:22,0,0,0,12.550000190734863,76.0,10.022636413574219,0.0,0.0,0.0,0.0,3.0,100.0,14.512063980102539
Tuesday,12/12/2023,06:15:42,0,0,0,12.600000381469727,74.0,10.268731117248535,0.0,0.0,0.0,0.0,3.0,100.0,12.55879020690918
Tuesday,12/12/2023,06:46:11,0,0,0,12.600000381469727,74.0,10.268731117248535,0.0,0.0,0.0,0.0,3.0,100.0,12.55879020690918
Tuesday,12/12/2023,07:16:32,0,0,0,12.600000381469727,74.0,10.268731117248535,0.0,0.0,0.0,0.0,3.0,100.0,12.55879020690918
Tuesday,12/12/2023,07:46:52,0,0,0,12.600000381469727,74.0,10.268731117248535,0.0,0.0,0.0,0.0,3.0,100.0,12.55879020690918
Tuesday,12/12/2023,08:17:11,0,0,9,12.699999809265137,73.0,10.270774841308594,0.0,0.0,0.0,0.0,3.0,98.0,13.049689292907715
Tuesday,12/12/2023,08:47:39,0,0,14,12.699999809265137,73.0,10.270774841308594,0.0,0.0,0.0,0.0,3.0,98.0,13.049689292907715
Tuesday,12/12/2023,09:18:01,3,0,22,12.649999618530273,77.0,10.5047607421875,0.0,0.0,0.0,0.0,3.0,95.0,12.413476943969727
Tuesday,12/12/2023,09:48:22,7,0,17,12.649999618530273,77.0,10.5047607421875,0.0,0.0,0.0,0.0,3.0,95.0,12.413476943969727
Tuesday,12/12/2023,10:18:42,11,2,17,13.050000190734863,76.0,10.806469917297363,0.0,0.0,0.0,0.0,3.0,100.0,13.441070556640625
Tuesday,12/12/2023,10:49:11,15,7,16,13.050000190734863,76.0,10.806469917297363,0.0,0.0,0.0,0.0,3.0,100.0,13.441070556640625
Tuesday,12/12/2023,11:19:35,14,7,19,13.449999809265137,76.0,11.611215591430664,0.0,0.0,0.0,0.0,3.0,100.0,11.384199142456055
Tuesday,12/12/2023,11:49:59,10,10,27,13.449999809265137,76.0,11.611215591430664,0.0,0.0,0.0,0.0,3.0,100.0,11.384199142456055
Tuesday,12/12/2023,12:20:25,7,6,31,13.899999618530273,77.0,12.084774017333984,0.0,0.0,0.0,0.0,3.0,100.0,12.429126739501953
Tuesday,12/12/2023,13:11:32,12,7,24,13.899999618530273,77.0,12.084774017333984,0.0,0.0,0.0,0.0,3.0,100.0,12.429126739501953
Tuesday,12/12/2023,13:29:14,13,5,25,14.300000190734863,76.0,12.560247421264648,0.0,0.0,0.0,0.0,3.0,100.0,12.287554740905762
Tuesday,12/12/2023,13:59:40,17,3,16,14.300000190734863,76.0,12.560247421264648,0.0,0.0,0.0,0.0,3.0,100.0,12.287554740905762
Tuesday,12/12/2023,14:30:04,18,6,18,14.199999809265137,80.0,12.443399429321289,0.0,0.0,0.0,0.0,3.0,95.0,13.755579948425293
Tuesday,12/12/2023,15:00:32,16,7,19,14.199999809265137,80.0,12.443399429321289,0.0,0.0,0.0,0.0,3.0,95.0,13.755579948425293
Tuesday,12/12/2023,15:31:05,16,10,22,14.149999618530273,81.0,12.421234130859375,0.0,0.0,0.0,0.0,3.0,99.0,13.849475860595703
Tuesday,12/12/2023,16:01:29,18,9,20,14.149999618530273,81.0,12.421234130859375,0.0,0.0,0.0,0.0,3.0,99.0,13.849475860595703
Tuesday,12/12/2023,16:31:51,24,8,24,13.850000381469727,84.0,12.435792922973633,0.0,0.0,0.0,0.0,3.0,100.0,12.224106788635254
Tuesday,12/12/2023,17:02:22,31,11,28,13.850000381469727,84.0,12.435792922973633,0.0,0.0,0.0,0.0,3.0,100.0,12.224106788635254
Tuesday,12/12/2023,17:32:45,41,12,39,13.649999618530273,85.0,12.312780380249023,0.0,0.0,0.0,0.0,3.0,94.0,11.65977668762207
Tuesday,12/12/2023,18:03:09,33,11,34,13.649999618530273,85.0,12.312780380249023,0.0,0.0,0.0,0.0,3.0,94.0,11.65977668762207
Tuesday,12/12/2023,18:33:34,26,10,44,13.699999809265137,87.0,12.56976318359375,0.0,0.0,0.0,0.0,3.0,100.0,11.090103149414062
Tuesday,12/12/2023,19:04:10,20,11,41,13.699999809265137,87.0,12.56976318359375,0.0,0.0,0.0,0.0,3.0,100.0,11.090103149414062
Tuesday,12/12/2023,19:34:37,25,12,54,13.800000190734863,87.0,12.738557815551758,0.0,0.0,0.0,0.0,3.0,100.0,10.82995891571045
Tuesday,12/12/2023,20:05:01,25,15,46,13.800000190734863,87.0,12.738557815551758,0.0,0.0,0.0,0.0,3.0,100.0,10.82995891571045
Tuesday,12/12/2023,20:35:26,27,20,38,14.0,86.0,12.772375106811523,0.0,0.0,0.0,0.0,3.0,100.0,12.015588760375977
Tuesday,12/12/2023,21:06:00,25,17,31,14.0,86.0,12.772375106811523,0.0,0.0,0.0,0.0,3.0,100.0,12.015588760375977
Tuesday,12/12/2023,21:36:26,33,11,21,14.149999618530273,85.0,12.688236236572266,0.0,0.0,0.0,0.0,3.0,100.0,13.556282043457031
Tuesday,12/12/2023,22:06:50,24,2,15,14.149999618530273,85.0,12.688236236572266,0.0,0.0,0.0,0.0,3.0,100.0,13.556282043457031
Tuesday,12/12/2023,22:37:11,17,0,7,14.300000190734863,83.0,12.585716247558594,0.0,0.0,0.0,0.0,3.0,100.0,14.830076217651367
Tuesday,12/12/2023,23:07:39,4,0,2,14.300000190734863,83.0,12.585716247558594,0.0,0.0,0.0,0.0,3.0,100.0,14.830076217651367
Tuesday,12/12/2023,23:38:00,0,0,0,14.699999809265137,83.0,12.854028701782227,0.0,0.0,0.0,0.0,3.0,100.0,16.57564353942871
Wednesday,13/12/2023,00:08:20,0,0,0,14.699999809265137,83.0,12.854028701782227,0.0,0.0,0.0,0.0,3.0,100.0,16.57564353942871
Wednesday,13/12/2023,00:38:43,0,0,0,14.850000381469727,83.0,12.790096282958984,0.0,0.0,0.0,0.0,3.0,100.0,18.363529205322266
Wednesday,13/12/2023,01:09:15,0,0,0,14.850000381469727,83.0,12.790096282958984,0.0,0.0,0.0,0.0,3.0,100.0,18.363529205322266
Wednesday,13/12/2023,01:39:36,0,0,0,15.100000381469727,82.0,12.942537307739258,0.0,0.0,0.0,0.0,3.0,93.0,19.164718627929688
Wednesday,13/12/2023,02:09:58,0,0,0,15.100000381469727,82.0,12.942537307739258,0.0,0.0,0.0,0.0,3.0,93.0,19.164718627929688
Wednesday,13/12/2023,02:40:21,0,0,0,15.149999618530273,84.0,13.38906478881836,0.0,0.0,0.0,0.0,3.0,100.0,17.373497009277344
Wednesday,13/12/2023,03:10:49,0,0,0,15.149999618530273,84.0,13.38906478881836,0.0,0.0,0.0,0.0,3.0,100.0,17.373497009277344
Wednesday,13/12/2023,03:41:10,0,0,0,15.199999809265137,86.0,13.881433486938477,0.0,0.0,0.0,0.0,3.0,100.0,15.273505210876465
Wednesday,13/12/2023,04:11:31,0,0,0,15.199999809265137,86.0,13.881433486938477,0.0,0.0,0.0,0.0,3.0,100.0,15.273505210876465
Wednesday,13/12/2023,04:41:54,0,0,0,15.399999618530273,86.0,14.336685180664062,0.0,0.0,0.0,0.0,3.0,100.0,13.979870796203613
Wednesday,13/12/2023,05:12:23,0,0,0,15.399999618530273,86.0,14.336685180664062,0.0,0.0,0.0,0.0,3.0,100.0,13.979870796203613
Wednesday,13/12/2023,05:42:44,0,0,0,15.649999618530273,86.0,14.697525024414062,0.0,0.0,0.0,0.0,3.0,100.0,13.79791259765625
Wednesday,13/12/2023,06:13:05,0,0,0,15.649999618530273,86.0,14.697525024414062,0.0,0.0,0.0,0.0,3.0,100.0,13.79791259765625
Wednesday,13/12/2023,06:43:25,0,0,0,15.649999618530273,85.0,14.58505630493164,0.0,0.0,0.0,0.0,3.0,100.0,14.145755767822266
Wednesday,13/12/2023,07:13:54,0,0,0,15.649999618530273,85.0,14.58505630493164,0.0,0.0,0.0,0.0,3.0,100.0,14.145755767822266
Wednesday,13/12/2023,07:44:15,0,0,0,15.699999809265137,85.0,14.536825180053711,0.0,0.0,0.0,0.0,3.0,100.0,14.934576988220215
Wednesday,13/12/2023,08:14:37,0,0,12,15.699999809265137,85.0,14.536825180053711,0.0,0.0,0.0,0.0,3.0,100.0,14.934576988220215
Wednesday,13/12/2023,08:44:59,0,0,23,16.149999618530273,82.0,14.617351531982422,0.0,0.0,0.0,0.0,3.0,100.0,17.208602905273438
Wednesday,13/12/2023,09:15:29,3,0,29,16.149999618530273,82.0,14.617351531982422,0.0,0.0,0.0,0.0,3.0,100.0,17.208602905273438
Wednesday,13/12/2023,09:45:51,5,0,25,16.799999237060547,80.0,15.274360656738281,0.0,0.0,0.0,0.0,3.0,100.0,17.76081085205078
Wednesday,13/12/2023,10:16:14,11,1,20,16.799999237060547,80.0,15.274360656738281,0.0,0.0,0.0,0.0,3.0,100.0,17.76081085205078
Wednesday,13/12/2023,10:46:36,16,4,22,17.200000762939453,78.0,15.689807891845703,0.0,0.0,0.0,0.0,3.0,100.0,17.654687881469727
Wednesday,13/12/2023,11:17:08,17,5,25,17.200000762939453,78.0,15.689807891845703,0.0,0.0,0.0,0.0,3.0,100.0,17.654687881469727
Wednesday,13/12/2023,11:47:36,12,6,22,17.350000381469727,76.0,15.88691520690918,0.0,0.0,0.0,0.0,3.0,100.0,16.73516082763672
Wednesday,13/12/2023,12:18:01,9,9,19,17.350000381469727,76.0,15.88691520690918,0.0,0.0,0.0,0.0,3.0,100.0,16.73516082763672
Wednesday,13/12/2023,12:48:26,11,9,13,17.350000381469727,76.0,16.098834991455078,0.0,0.0,0.0,0.0,3.0,100.0,15.281989097595215
Wednesday,13/12/2023,13:18:59,15,11,16,17.350000381469727,76.0,16.098834991455078,0.0,0.0,0.0,0.0,3.0,100.0,15.281989097595215
Wednesday,13/12/2023,13:49:22,12,5,13,17.25,78.0,16.013517379760742,0.0,0.0,0.0,0.0,3.0,100.0,15.89309310913086
Wednesday,13/12/2023,14:19:47,12,5,13,17.25,78.0,16.013517379760742,0.0,0.0,0.0,0.0,3.0,100.0,15.89309310913086
Wednesday,13/12/2023,14:50:09,15,2,18,16.649999618530273,79.0,14.807458877563477,0.0,0.0,0.0,0.0,3.0,100.0,19.13764762878418
Wednesday,13/12/2023,15:20:38,17,2,24,16.649999618530273,79.0,14.807458877563477,0.0,0.0,0.0,0.0,3.0,100.0,19.13764762878418
Wednesday,13/12/2023,15:51:07,21,4,28,16.450000762939453,79.0,14.36569595336914,0.0,0.0,0.0,0.0,3.0,100.0,20.34557342529297
Wednesday,13/12/2023,16:21:32,20,5,25,16.450000762939453,79.0,14.36569595336914,0.0,0.0,0.0,0.0,3.0,100.0,20.34557342529297
Wednesday,13/12/2023,16:52:02,21,8,36,16.299999237060547,80.0,14.088897705078125,0.0,0.0,0.0,0.0,3.0,100.0,21.322214126586914
Wednesday,13/12/2023,17:22:34,20,9,35,16.299999237060547,80.0,14.088897705078125,0.0,0.0,0.0,0.0,3.0,100.0,21.322214126586914
Wednesday,13/12/2023,17:53:00,18,13,38,16.399999618530273,80.0,14.034168243408203,0.0,0.0,0.0,0.0,3.0,100.0,22.608457565307617
Wednesday,13/12/2023,21:42:53,19,10,27,16.25,85.0,16.07172203063965,0.0,0.0,0.0,0.0,3.0,100.0,9.470120429992676
Wednesday,13/12/2023,22:13:16,16,2,15,16.25,85.0,16.07172203063965,0.0,0.0,0.0,0.0,3.0,100.0,9.470120429992676
Wednesday,13/12/2023,22:43:37,7,2,7,16.100000381469727,87.0,17.081031799316406,0.10000000149011612,0.0,0.0,0.0,3.0,100.0,2.0364675521850586
Wednesday,13/12/2023,23:13:59,2,0,1,16.100000381469727,87.0,17.081031799316406,0.10000000149011612,0.0,0.0,0.0,3.0,100.0,2.0364675521850586
Wednesday,13/12/2023,23:44:26,0,0,0,15.800000190734863,89.0,16.27780532836914,0.10000000149011612,0.0,0.0,0.0,61.0,100.0,5.623379707336426
Thursday,14/12/2023,00:14:47,0,0,0,15.800000190734863,89.0,16.27780532836914,0.10000000149011612,0.0,0.0,0.0,61.0,100.0,5.623379707336426
Thursday,14/12/2023,00:45:08,0,0,0,14.850000381469727,75.0,12.578765869140625,0.0,0.0,0.10000000149011612,0.0,61.0,100.0,16.595178604125977
Thursday,14/12/2023,01:15:35,0,0,0,14.850000381469727,75.0,12.578765869140625,0.0,0.0,0.10000000149011612,0.0,61.0,100.0,16.595178604125977
Thursday,14/12/2023,01:45:56,0,0,0,13.949999809265137,67.0,11.780248641967773,0.0,0.0,0.0,0.0,61.0,100.0,11.159998893737793
Thursday,14/12/2023,02:16:16,0,0,0,13.949999809265137,67.0,11.780248641967773,0.0,0.0,0.0,0.0,61.0,100.0,11.159998893737793
Thursday,14/12/2023,02:46:38,0,0,0,14.050000190734863,67.0,11.887504577636719,0.0,0.0,0.0,0.0,3.0,100.0,11.275529861450195
Thursday,14/12/2023,03:17:06,0,0,0,14.050000190734863,67.0,11.887504577636719,0.0,0.0,0.0,0.0,3.0,100.0,11.275529861450195
Thursday,14/12/2023,03:47:27,0,0,0,13.899999618530273,70.0,12.594356536865234,0.0,0.0,0.0,0.0,61.0,100.0,6.287129878997803
Thursday,14/12/2023,04:17:49,0,0,0,13.899999618530273,70.0,12.594356536865234,0.0,0.0,0.0,0.0,61.0,100.0,6.287129878997803
Thursday,14/12/2023,04:48:09,0,0,0,13.5,75.0,12.974809646606445,0.0,0.0,0.0,0.0,61.0,100.0,2.099142551422119
Thursday,14/12/2023,05:18:37,0,0,0,13.5,75.0,12.974809646606445,0.0,0.0,0.0,0.0,61.0,100.0,2.099142551422119
Thursday,14/12/2023,05:48:56,0,0,0,13.399999618530273,79.0,13.049028396606445,0.0,0.0,0.0,0.0,61.0,100.0,2.1897945404052734
Thursday,14/12/2023,06:19:16,0,0,0,13.399999618530273,79.0,13.049028396606445,0.0,0.0,0.0,0.0,61.0,100.0,2.1897945404052734
Thursday,14/12/2023,06:49:36,0,0,0,13.399999618530273,80.0,13.011734008789062,0.0,0.0,0.0,0.0,3.0,100.0,2.811689853668213
Thursday,14/12/2023,07:20:05,0,0,0,13.399999618530273,80.0,13.011734008789062,0.0,0.0,0.0,0.0,3.0,100.0,2.811689853668213
Thursday,14/12/2023,07:50:27,0,0,0,13.199999809265137,84.0,12.790319442749023,0.0,0.0,0.0,0.0,3.0,100.0,4.0249223709106445
Thursday,14/12/2023,08:20:48,0,0,7,13.199999809265137,84.0,12.790319442749023,0.0,0.0,0.0,0.0,3.0,100.0,4.0249223709106445
Thursday,14/12/2023,08:51:10,0,0,9,12.75,86.0,12.158924102783203,0.0,0.0,0.0,0.0,3.0,100.0,5.091168403625488
Thursday,14/12/2023,09:21:40,7,0,18,12.75,86.0,12.158924102783203,0.0,0.0,0.0,0.0,3.0,100.0,5.091168403625488
Thursday,14/12/2023,09:52:06,8,0,17,13.149999618530273,83.0,12.732719421386719,0.0,0.0,0.0,0.0,3.0,100.0,3.617955207824707
Thursday,14/12/2023,10:22:29,11,2,23,13.149999618530273,83.0,12.732719421386719,0.0,0.0,0.0,0.0,3.0,100.0,3.617955207824707
Thursday,14/12/2023,10:52:51,8,6,21,13.550000190734863,80.0,13.281631469726562,0.0,0.0,0.0,0.0,3.0,100.0,2.2768397331237793
Thursday,14/12/2023,11:23:21,10,9,19,13.550000190734863,80.0,13.281631469726562,0.0,0.0,0.0,0.0,3.0,100.0,2.2768397331237793
Thursday,14/12/2023,11:53:43,8,10,19,13.75,78.0,13.493143081665039,0.0,0.0,0.0,0.0,3.0,100.0,1.8356469869613647
Thursday,14/12/2023,12:24:05,12,11,22,13.75,78.0,13.493143081665039,0.0,0.0,0.0,0.0,3.0,100.0,1.8356469869613647
Thursday,14/12/2023,12:54:26,14,11,23,13.550000190734863,80.0,13.330949783325195,0.0,0.0,0.0,0.0,3.0,100.0,1.9386591911315918
Thursday,14/12/2023,13:24:56,12,9,18,13.550000190734863,80.0,13.330949783325195,0.0,0.0,0.0,0.0,3.0,100.0,1.9386591911315918
Thursday,14/12/2023,13:55:22,9,6,13,13.350000381469727,80.0,12.809768676757812,0.0,0.0,0.0,0.0,3.0,100.0,3.7585103511810303
Thursday,14/12/2023,14:25:44,10,5,9,13.350000381469727,80.0,12.809768676757812,0.0,0.0,0.0,0.0,3.0,100.0,3.7585103511810303
Thursday,14/12/2023,14:56:06,14,7,16,13.399999618530273,79.0,13.049028396606445,0.0,0.0,0.0,0.0,3.0,100.0,2.1897945404052734
Thursday,14/12/2023,15:26:35,20,8,16,13.399999618530273,79.0,13.049028396606445,0.0,0.0,0.0,0.0,3.0,100.0,2.1897945404052734
Thursday,14/12/2023,15:56:57,19,12,16,13.550000190734863,74.0,13.067405700683594,0.0,0.0,0.0,0.0,3.0,100.0,1.527350664138794
Thursday,14/12/2023,16:27:20,20,9,13,13.550000190734863,74.0,13.067405700683594,0.0,0.0,0.0,0.0,3.0,100.0,1.527350664138794
Thursday,14/12/2023,16:57:44,18,10,18,13.300000190734863,75.0,12.657556533813477,0.0,0.0,0.0,0.0,3.0,100.0,2.545584201812744
Thursday,14/12/2023,17:28:15,18,6,23,13.300000190734863,75.0,12.657556533813477,0.0,0.0,0.0,0.0,3.0,100.0,2.545584201812744
Thursday,14/12/2023,17:58:38,20,9,25,13.050000190734863,78.0,12.291130065917969,0.0,0.0,0.0,0.0,3.0,100.0,3.976329803466797
Thursday,14/12/2023,18:29:04,20,9,36,13.050000190734863,78.0,12.291130065917969,0.0,0.0,0.0,0.0,3.0,100.0,3.976329803466797
Thursday,14/12/2023,18:59:34,21,10,38,12.949999809265137,77.0,11.940969467163086,0.0,0.0,0.0,0.0,3.0,100.0,5.154415607452393
Thursday,14/12/2023,19:30:08,18,15,44,12.949999809265137,77.0,11.940969467163086,0.0,0.0,0.0,0.0,3.0,100.0,5.154415607452393
Thursday,14/12/2023,20:00:31,21,15,33,13.300000190734863,60.0,11.236910820007324,0.0,0.0,0.0,0.0,3.0,100.0,6.830519199371338
Thursday,14/12/2023,20:30:55,19,14,29,13.300000190734863,60.0,11.236910820007324,0.0,0.0,0.0,0.0,3.0,100.0,6.830519199371338
Thursday,14/12/2023,21:01:17,23,10,24,12.949999809265137,56.0,9.767000198364258,0.0,0.0,0.0,0.0,3.0,100.0,12.594856262207031
Thursday,14/12/2023,21:31:46,21,8,23,12.949999809265137,56.0,9.767000198364258,0.0,0.0,0.0,0.0,3.0,100.0,12.594856262207031
Thursday,14/12/2023,22:02:09,24,5,20,12.899999618530273,53.0,8.690705299377441,0.0,0.0,0.0,0.0,3.0,100.0,18.504138946533203
Thursday,14/12/2023,22:32:29,16,1,11,12.899999618530273,53.0,8.690705299377441,0.0,0.0,0.0,0.0,3.0,100.0,18.504138946533203
Thursday,14/12/2023,23:02:49,8,0,6,12.699999809265137,51.0,7.81144905090332,0.0,0.0,0.0,0.0,3.0,100.0,22.21815299987793
Thursday,14/12/2023,23:33:18,1,0,0,12.699999809265137,51.0,7.81144905090332,0.0,0.0,0.0,0.0,3.0,100.0,22.21815299987793
Friday,15/12/2023,07:02:46,0,0,0,11.399999618530273,50.0,5.667577743530273,0.0,0.0,0.0,0.0,0.0,0.0,26.220752716064453
Friday,15/12/2023,07:33:20,0,0,0,11.399999618530273,50.0,5.667577743530273,0.0,0.0,0.0,0.0,0.0,0.0,26.220752716064453
Friday,15/12/2023,08:03:46,0,0,5,11.550000190734863,50.0,6.507347106933594,0.0,0.0,0.0,0.0,0.0,0.0,21.650938034057617
Friday,15/12/2023,08:34:09,0,0,18,11.550000190734863,50.0,6.507347106933594,0.0,0.0,0.0,0.0,0.0,0.0,21.650938034057617
Friday,15/12/2023,09:04:45,3,0,26,11.949999809265137,49.0,6.7752838134765625,0.0,0.0,0.0,0.0,0.0,0.0,22.65713119506836
Friday,15/12/2023,09:35:10,9,0,28,11.949999809265137,49.0,6.7752838134765625,0.0,0.0,0.0,0.0,0.0,0.0,22.65713119506836
Friday,15/12/2023,10:05:34,16,2,26,12.800000190734863,46.0,6.970597267150879,0.0,0.0,0.0,0.0,0.0,0.0,27.026386260986328
Friday,15/12/2023,10:36:06,23,6,23,12.800000190734863,46.0,6.970597267150879,0.0,0.0,0.0,0.0,0.0,0.0,27.026386260986328
Friday,15/12/2023,11:06:30,18,8,23,13.199999809265137,46.0,6.281966209411621,0.0,0.0,0.0,0.0,0.0,0.0,34.91999816894531
Friday,15/12/2023,11:36:58,14,11,15,13.199999809265137,46.0,6.281966209411621,0.0,0.0,0.0,0.0,0.0,0.0,34.91999816894531
Friday,15/12/2023,12:07:20,5,10,19,13.449999809265137,45.0,6.064308166503906,0.0,0.0,0.0,0.0,0.0,0.0,38.03242874145508
Friday,15/12/2023,12:37:53,7,9,16,13.449999809265137,45.0,6.064308166503906,0.0,0.0,0.0,0.0,0.0,0.0,38.03242874145508
Friday,15/12/2023,13:08:18,8,6,17,13.100000381469727,45.0,4.652032852172852,0.0,0.0,0.0,0.0,0.0,0.0,44.94380569458008
Friday,15/12/2023,13:38:43,10,5,16,13.100000381469727,45.0,4.652032852172852,0.0,0.0,0.0,0.0,0.0,0.0,44.94380569458008
Friday,15/12/2023,14:09:07,11,3,22,12.5,45.0,3.107184886932373,0.0,0.0,0.0,0.0,0.0,0.0,50.80083465576172
Friday,15/12/2023,14:39:38,14,5,21,12.5,45.0,3.107184886932373,0.0,0.0,0.0,0.0,0.0,0.0,50.80083465576172
Friday,15/12/2023,15:10:01,18,6,20,11.949999809265137,46.0,2.5530810356140137,0.0,0.0,0.0,0.0,0.0,0.0,50.610416412353516
Friday,15/12/2023,15:40:25,22,5,22,11.949999809265137,46.0,2.5530810356140137,0.0,0.0,0.0,0.0,0.0,0.0,50.610416412353516
Friday,15/12/2023,16:10:48,21,8,26,11.199999809265137,47.0,1.941004753112793,0.0,0.0,0.0,0.0,0.0,0.0,49.24110412597656
Friday,15/12/2023,16:41:19,17,8,25,11.199999809265137,47.0,1.941004753112793,0.0,0.0,0.0,0.0,0.0,0.0,49.24110412597656
Friday,15/12/2023,17:11:44,22,8,19,10.649999618530273,48.0,1.3392581939697266,0.0,0.0,0.0,0.0,0.0,0.0,49.36727523803711
Friday,15/12/2023,17:23:57,27,9,17,10.649999618530273,48.0,1.3392581939697266,0.0,0.0,0.0,0.0,0.0,0.0,49.36727523803711
Friday,15/12/2023,17:54:26,28,9,16,10.649999618530273,48.0,1.3392581939697266,0.0,0.0,0.0,0.0,0.0,0.0,49.36727523803711
Friday,15/12/2023,18:24:51,27,8,24,10.25,49.0,1.0874314308166504,0.0,0.0,0.0,0.0,0.0,0.0,48.26282501220703
Friday,15/12/2023,18:55:14,21,7,28,10.25,49.0,1.0874314308166504,0.0,0.0,0.0,0.0,0.0,0.0,48.26282501220703
Friday,15/12/2023,19:25:44,23,6,32,9.550000190734863,49.0,0.1868758201599121,0.0,0.0,0.0,0.0,0.0,0.0,48.970584869384766
Friday,15/12/2023,19:56:04,23,6,20,9.550000190734863,49.0,0.1868758201599121,0.0,0.0,0.0,0.0,0.0,0.0,48.970584869384766
Friday,15/12/2023,20:26:25,16,6,25,9.449999809265137,49.0,0.47824811935424805,0.0,0.0,0.0,0.0,0.0,0.0,46.193763732910156
Friday,15/12/2023,20:56:52,10,7,17,9.449999809265137,49.0,0.47824811935424805,0.0,0.0,0.0,0.0,0.0,0.0,46.193763732910156
Friday,15/12/2023,21:27:13,11,7,15,9.5,49.0,0.8922758102416992,0.0,0.0,0.0,0.0,0.0,0.0,43.74407196044922
Friday,15/12/2023,21:57:34,11,4,11,9.5,49.0,0.8922758102416992,0.0,0.0,0.0,0.0,0.0,0.0,43.74407196044922
Friday,15/12/2023,22:27:54,7,0,11,9.399999618530273,49.0,0.6561279296875,0.0,0.0,0.0,0.0,0.0,0.0,44.584800720214844
Friday,15/12/2023,22:58:23,2,0,8,9.399999618530273,49.0,0.6561279296875,0.0,0.0,0.0,0.0,0.0,0.0,44.584800720214844
Friday,15/12/2023,23:28:43,0,0,2,9.050000190734863,50.0,-0.29102087020874023,0.0,0.0,0.0,0.0,0.0,0.0,48.63331985473633
Friday,15/12/2023,23:59:04,0,0,0,9.050000190734863,50.0,-0.29102087020874023,0.0,0.0,0.0,0.0,0.0,0.0,48.63331985473633
Saturday,16/12/2023,00:29:24,0,0,0,8.649999618530273,48.0,-1.1249685287475586,0.0,0.0,0.0,0.0,0.0,0.0,50.70890808105469
Saturday,16/12/2023,00:59:53,0,0,0,8.649999618530273,48.0,-1.1249685287475586,0.0,0.0,0.0,0.0,0.0,0.0,50.70890808105469
Saturday,16/12/2023,01:30:18,0,0,0,7.949999809265137,48.0,-1.4279251098632812,0.0,0.0,0.0,0.0,0.0,0.0,47.39164352416992
Saturday,16/12/2023,02:00:38,0,0,0,7.949999809265137,48.0,-1.4279251098632812,0.0,0.0,0.0,0.0,0.0,0.0,47.39164352416992
Saturday,16/12/2023,02:30:58,0,0,0,7.75,48.0,-0.7232294082641602,0.0,0.0,0.0,0.0,0.0,0.0,41.02262496948242
Saturday,16/12/2023,03:01:25,0,0,0,7.75,48.0,-0.7232294082641602,0.0,0.0,0.0,0.0,0.0,0.0,41.02262496948242
Saturday,16/12/2023,03:31:46,0,0,0,7.300000190734863,48.0,-0.9297585487365723,0.0,0.0,0.0,0.0,0.0,0.0,38.988182067871094
Saturday,16/12/2023,04:02:06,0,0,0,7.300000190734863,48.0,-0.9297585487365723,0.0,0.0,0.0,0.0,0.0,0.0,38.988182067871094
Saturday,16/12/2023,04:32:26,0,0,0,6.949999809265137,46.0,-1.0877928733825684,0.0,0.0,0.0,0.0,0.0,0.0,36.91887283325195
Saturday,16/12/2023,05:02:55,0,0,0,6.949999809265137,46.0,-1.0877928733825684,0.0,0.0,0.0,0.0,0.0,0.0,36.91887283325195
Saturday,16/12/2023,05:33:15,0,0,0,6.900000095367432,47.0,-0.773963451385498,0.0,0.0,0.0,0.0,0.0,0.0,34.62369155883789
Saturday,16/12/2023,06:03:35,0,0,0,6.900000095367432,47.0,-0.773963451385498,0.0,0.0,0.0,0.0,0.0,0.0,34.62369155883789
Saturday,16/12/2023,06:33:55,0,0,0,6.699999809265137,46.0,-0.5251617431640625,0.0,0.0,0.0,0.0,0.0,0.0,31.160282135009766
Saturday,16/12/2023,07:04:25,0,0,0,6.699999809265137,46.0,-0.5251617431640625,0.0,0.0,0.0,0.0,0.0,0.0,31.160282135009766
Saturday,16/12/2023,07:34:48,0,0,0,6.650000095367432,44.0,0.18262386322021484,0.0,0.0,0.0,0.0,0.0,0.0,25.460933685302734
Saturday,16/12/2023,08:05:09,0,0,0,6.650000095367432,44.0,0.18262386322021484,0.0,0.0,0.0,0.0,0.0,0.0,25.460933685302734
Saturday,16/12/2023,08:35:31,0,0,0,6.900000095367432,43.0,0.7184467315673828,0.0,0.0,0.0,0.0,0.0,0.0,23.44150161743164
Monday,08/01/2024,07:51:48,0,0,0,9.050000190734863,49.0,4.183996200561523,0.0,0.0,0.0,0.0,2.0,79.0,17.67302894592285
Monday,08/01/2024,08:02:13,0,0,8,9.050000190734863,49.0,4.183996200561523,0.0,0.0,0.0,0.0,2.0,79.0,17.67302894592285
Monday,08/01/2024,08:32:41,0,0,22,9.050000190734863,49.0,4.183996200561523,0.0,0.0,0.0,0.0,2.0,79.0,17.67302894592285
Monday,08/01/2024,09:03:06,5,0,30,9.350000381469727,48.0,4.599705696105957,0.0,0.0,0.0,0.0,3.0,100.0,16.873979568481445
Monday,08/01/2024,09:33:32,16,0,25,9.350000381469727,48.0,4.599705696105957,0.0,0.0,0.0,0.0,3.0,100.0,16.873979568481445
Monday,08/01/2024,10:04:07,21,0,16,9.75,47.0,4.908535003662109,0.0,0.0,0.0,0.0,3.0,100.0,17.57744026184082
Monday,08/01/2024,10:34:34,18,3,12,9.75,47.0,4.908535003662109,0.0,0.0,0.0,0.0,3.0,100.0,17.57744026184082
Monday,08/01/2024,11:04:59,15,5,15,10.050000190734863,46.0,5.259530067443848,0.0,0.0,0.0,0.0,3.0,100.0,17.208602905273438
Monday,08/01/2024,11:35:33,16,7,16,10.050000190734863,46.0,5.259530067443848,0.0,0.0,0.0,0.0,3.0,100.0,17.208602905273438
Monday,08/01/2024,12:06:03,17,5,19,10.350000381469727,46.0,5.6729536056518555,0.0,0.0,0.0,0.0,3.0,100.0,16.70415496826172
Monday,08/01/2024,12:36:33,15,4,20,10.350000381469727,46.0,5.6729536056518555,0.0,0.0,0.0,0.0,3.0,100.0,16.70415496826172
Monday,08/01/2024,13:06:58,18,4,19,10.399999618530273,46.0,5.623907089233398,0.0,0.0,0.0,0.0,3.0,100.0,17.429353713989258
Monday,08/01/2024,13:37:31,23,3,22,10.399999618530273,46.0,5.623907089233398,0.0,0.0,0.0,0.0,3.0,100.0,17.429353713989258
Monday,08/01/2024,14:07:56,24,4,15,10.350000381469727,47.0,5.766353607177734,0.0,0.0,0.0,0.0,3.0,100.0,16.363178253173828
Monday,08/01/2024,14:38:21,16,10,19,10.350000381469727,47.0,5.766353607177734,0.0,0.0,0.0,0.0,3.0,100.0,16.363178253173828
Monday,08/01/2024,15:08:44,11,11,11,9.699999809265137,49.0,5.343881607055664,0.0,0.0,0.0,0.0,3.0,99.0,14.777549743652344
Monday,08/01/2024,15:39:17,10,11,20,9.699999809265137,49.0,5.343881607055664,0.0,0.0,0.0,0.0,3.0,99.0,14.777549743652344
Monday,08/01/2024,16:09:43,10,9,19,9.300000190734863,49.0,4.729254722595215,0.0,0.0,0.0,0.0,3.0,95.0,15.876774787902832
Monday,08/01/2024,16:40:08,16,13,32,9.300000190734863,49.0,4.729254722595215,0.0,0.0,0.0,0.0,3.0,95.0,15.876774787902832
Monday,08/01/2024,17:10:41,22,18,35,8.699999809265137,49.0,3.961374282836914,0.0,0.0,0.0,0.0,3.0,87.0,16.485485076904297
Monday,08/01/2024,17:41:14,25,18,38,8.699999809265137,49.0,3.961374282836914,0.0,0.0,0.0,0.0,3.0,87.0,16.485485076904297
Monday,08/01/2024,18:11:42,24,19,35,8.600000381469727,49.0,3.848461151123047,0.0,0.0,0.0,0.0,3.0,86.0,16.485485076904297
Monday,08/01/2024,18:42:10,20,16,32,8.600000381469727,49.0,3.848461151123047,0.0,0.0,0.0,0.0,3.0,86.0,16.485485076904297
Monday,08/01/2024,19:12:37,20,17,33,8.300000190734863,49.0,3.4096717834472656,0.0,0.0,0.0,0.0,3.0,84.0,17.1746768951416
Monday,08/01/2024,19:43:10,19,13,37,8.300000190734863,49.0,3.4096717834472656,0.0,0.0,0.0,0.0,3.0,84.0,17.1746768951416
Tuesday,09/01/2024,07:29:42,0,0,0,6.300000190734863,49.0,1.6070547103881836,0.0,0.0,0.0,0.0,0.0,0.0,14.186923027038574
Tuesday,09/01/2024,08:00:08,0,0,3,6.300000190734863,49.0,1.6070547103881836,0.0,0.0,0.0,0.0,0.0,0.0,14.186923027038574
Tuesday,09/01/2024,08:30:33,0,0,17,6.599999904632568,48.0,1.9803557395935059,0.0,0.0,0.0,0.0,0.0,0.0,13.684735298156738
Tuesday,09/01/2024,09:01:00,1,0,26,6.599999904632568,48.0,1.9803557395935059,0.0,0.0,0.0,0.0,0.0,0.0,13.684735298156738
Tuesday,09/01/2024,09:31:30,6,0,27,7.150000095367432,46.0,2.565124034881592,0.0,0.0,0.0,0.0,0.0,0.0,13.392773628234863
Tuesday,09/01/2024,10:01:56,13,0,20,7.150000095367432,46.0,2.565124034881592,0.0,0.0,0.0,0.0,0.0,0.0,13.392773628234863
Tuesday,09/01/2024,10:32:20,16,4,18,7.949999809265137,44.0,3.3986382484436035,0.0,0.0,0.0,0.0,0.0,0.0,13.276144027709961
Tuesday,09/01/2024,11:02:51,15,8,15,7.949999809265137,44.0,3.3986382484436035,0.0,0.0,0.0,0.0,0.0,0.0,13.276144027709961
Tuesday,09/01/2024,11:33:15,14,9,13,8.600000381469727,43.0,4.161983489990234,0.0,0.0,0.0,0.0,0.0,0.0,12.738099098205566
Tuesday,09/01/2024,12:03:39,14,8,17,8.600000381469727,43.0,4.161983489990234,0.0,0.0,0.0,0.0,0.0,0.0,12.738099098205566
Tuesday,09/01/2024,12:34:02,20,4,20,9.149999618530273,43.0,4.9585418701171875,0.0,0.0,0.0,0.0,0.0,0.0,11.480557441711426
Tuesday,09/01/2024,13:04:33,22,3,21,9.149999618530273,43.0,4.9585418701171875,0.0,0.0,0.0,0.0,0.0,0.0,11.480557441711426
Tuesday,09/01/2024,13:34:56,21,3,17,9.399999618530273,43.0,5.337191581726074,0.0,0.0,0.0,0.0,0.0,0.0,10.799999237060547
Tuesday,09/01/2024,14:05:23,21,4,19,9.399999618530273,43.0,5.337191581726074,0.0,0.0,0.0,0.0,0.0,0.0,10.799999237060547
Tuesday,09/01/2024,14:35:47,15,8,18,9.25,43.0,5.1782732009887695,0.0,0.0,0.0,0.0,0.0,0.0,10.739831924438477
Tuesday,09/01/2024,15:06:19,18,7,18,9.25,43.0,5.1782732009887695,0.0,0.0,0.0,0.0,0.0,0.0,10.739831924438477
Tuesday,09/01/2024,15:36:44,13,7,24,8.850000381469727,45.0,4.746176719665527,0.0,0.0,0.0,0.0,0.0,0.0,11.18320083618164
Tuesday,09/01/2024,16:07:08,20,3,33,8.850000381469727,45.0,4.746176719665527,0.0,0.0,0.0,0.0,0.0,0.0,11.18320083618164
Tuesday,09/01/2024,16:37:35,19,6,42,8.149999618530273,48.0,3.993659019470215,0.0,0.0,0.0,0.0,0.0,0.0,11.753876686096191
Tuesday,09/01/2024,17:08:09,25,9,31,8.149999618530273,48.0,3.993659019470215,0.0,0.0,0.0,0.0,0.0,0.0,11.753876686096191
Tuesday,09/01/2024,17:38:33,22,11,25,7.25,51.0,3.0676026344299316,0.0,0.0,0.0,0.0,0.0,0.0,11.92355728149414
Tuesday,09/01/2024,18:09:02,22,10,25,7.25,51.0,3.0676026344299316,0.0,0.0,0.0,0.0,0.0,0.0,11.92355728149414
Tuesday,09/01/2024,18:39:26,15,9,34,6.900000095367432,52.0,2.687328338623047,0.0,0.0,0.0,0.0,0.0,0.0,12.074766159057617
Tuesday,09/01/2024,19:10:05,17,9,36,6.900000095367432,52.0,2.687328338623047,0.0,0.0,0.0,0.0,0.0,0.0,12.074766159057617
Tuesday,09/01/2024,20:32:31,15,20,44,6.650000095367432,53.0,2.4096755981445312,0.0,0.0,0.0,0.0,0.0,0.0,12.287554740905762
Tuesday,09/01/2024,21:03:03,22,15,44,6.650000095367432,53.0,2.4096755981445312,0.0,0.0,0.0,0.0,0.0,0.0,12.287554740905762
Tuesday,09/01/2024,21:33:25,22,11,42,6.550000190734863,53.0,2.4141902923583984,0.0,0.0,0.0,0.0,0.0,0.0,11.486200332641602
Tuesday,09/01/2024,22:03:53,22,6,19,6.550000190734863,53.0,2.4141902923583984,0.0,0.0,0.0,0.0,0.0,0.0,11.486200332641602
Tuesday,09/01/2024,22:34:24,11,2,9,6.5,54.0,2.43587589263916,0.0,0.0,0.0,0.0,0.0,0.0,11.18320083618164
Tuesday,09/01/2024,23:04:51,6,0,2,6.5,54.0,2.43587589263916,0.0,0.0,0.0,0.0,0.0,0.0,11.18320083618164
Wednesday,10/01/2024,08:19:37,0,0,12,6.400000095367432,54.0,2.662961006164551,0.0,0.0,0.0,0.0,1.0,10.0,8.854828834533691
Wednesday,10/01/2024,08:50:09,0,0,18,6.400000095367432,54.0,2.662961006164551,0.0,0.0,0.0,0.0,1.0,10.0,8.854828834533691
Wednesday,10/01/2024,09:20:33,8,0,20,7.099999904632568,52.0,3.376403331756592,0.0,0.0,0.0,0.0,0.0,5.0,8.891343116760254
Wednesday,10/01/2024,09:51:00,18,0,10,7.099999904632568,52.0,3.376403331756592,0.0,0.0,0.0,0.0,0.0,5.0,8.891343116760254
Wednesday,10/01/2024,10:21:34,22,6,13,8.199999809265137,48.0,4.566729545593262,0.0,0.0,0.0,0.0,0.0,0.0,8.20926284790039
Wednesday,10/01/2024,10:52:02,22,10,19,8.199999809265137,48.0,4.566729545593262,0.0,0.0,0.0,0.0,0.0,0.0,8.20926284790039
Wednesday,10/01/2024,11:22:32,18,15,21,8.949999809265137,45.0,5.37540340423584,0.0,0.0,0.0,0.0,0.0,0.0,7.636752605438232
Wednesday,10/01/2024,11:53:06,19,10,19,8.949999809265137,45.0,5.37540340423584,0.0,0.0,0.0,0.0,0.0,0.0,7.636752605438232
Wednesday,10/01/2024,12:23:40,12,9,15,9.600000381469727,43.0,6.406674385070801,0.0,0.0,0.0,0.0,0.0,0.0,5.001279830932617
Wednesday,10/01/2024,12:54:08,13,4,19,9.600000381469727,43.0,6.406674385070801,0.0,0.0,0.0,0.0,0.0,0.0,5.001279830932617
Wednesday,10/01/2024,13:24:37,15,5,19,10.100000381469727,42.0,7.233911514282227,0.0,0.0,0.0,0.0,0.0,0.0,2.879999876022339
Wednesday,10/01/2024,13:55:13,16,6,23,10.100000381469727,42.0,7.233911514282227,0.0,0.0,0.0,0.0,0.0,0.0,2.879999876022339
Wednesday,10/01/2024,14:25:37,16,7,23,10.399999618530273,42.0,7.6382293701171875,0.0,0.0,0.0,0.0,0.0,4.0,2.4149534702301025
Wednesday,10/01/2024,14:56:04,12,5,21,10.399999618530273,42.0,7.6382293701171875,0.0,0.0,0.0,0.0,0.0,4.0,2.4149534702301025
Wednesday,10/01/2024,15:26:36,13,2,18,10.300000190734863,45.0,7.7462568283081055,0.0,0.0,0.0,0.0,0.0,3.0,1.7999999523162842
Wednesday,10/01/2024,15:57:11,13,3,20,10.300000190734863,45.0,7.7462568283081055,0.0,0.0,0.0,0.0,0.0,3.0,1.7999999523162842
Wednesday,10/01/2024,16:27:41,17,6,30,10.100000381469727,46.0,7.751465797424316,0.0,0.0,0.0,0.0,1.0,9.0,0.5091168880462646
Wednesday,10/01/2024,16:58:06,19,12,30,10.100000381469727,46.0,7.751465797424316,0.0,0.0,0.0,0.0,1.0,9.0,0.5091168880462646
Wednesday,10/01/2024,17:28:35,19,11,28,9.649999618530273,47.0,7.006549835205078,0.0,0.0,0.0,0.0,1.0,11.0,2.4149534702301025
Wednesday,10/01/2024,17:59:09,22,11,26,9.649999618530273,47.0,7.006549835205078,0.0,0.0,0.0,0.0,1.0,11.0,2.4149534702301025
Wednesday,10/01/2024,18:29:35,26,5,37,9.100000381469727,56.0,6.33465576171875,0.0,0.0,0.0,0.0,1.0,12.0,5.241678714752197
Wednesday,10/01/2024,19:00:00,25,10,33,9.100000381469727,56.0,6.33465576171875,0.0,0.0,0.0,0.0,1.0,12.0,5.241678714752197
Wednesday,10/01/2024,19:30:35,19,11,34,8.0,65.0,5.007498741149902,0.0,0.0,0.0,0.0,1.0,13.0,7.993297576904297
Sunday,14/01/2024,15:21:37,0,0,34,8.399999618530273,65.0,4.630439758300781,0.0,0.0,0.0,0.0,3.0,92.0,13.77911376953125
Sunday,14/01/2024,15:51:58,0,0,32,8.399999618530273,65.0,4.630439758300781,0.0,0.0,0.0,0.0,3.0,92.0,13.77911376953125
Sunday,14/01/2024,16:22:14,0,0,33,8.25,68.0,4.708975791931152,0.0,0.0,0.0,0.0,3.0,99.0,12.819234848022461
Sunday,14/01/2024,16:52:29,0,0,41,8.25,68.0,4.708975791931152,0.0,0.0,0.0,0.0,3.0,99.0,12.819234848022461
Sunday,14/01/2024,17:22:51,0,0,46,8.199999809265137,69.0,4.66094970703125,0.0,0.0,0.0,0.0,3.0,98.0,13.004921913146973
Sunday,14/01/2024,17:34:25,0,0,47,8.199999809265137,69.0,4.66094970703125,0.0,0.0,0.0,0.0,3.0,98.0,13.004921913146973
Sunday,14/01/2024,18:04:44,0,0,43,8.199999809265137,69.0,4.66094970703125,0.0,0.0,0.0,0.0,3.0,98.0,13.004921913146973
Sunday,14/01/2024,18:35:03,0,0,27,8.149999618530273,70.0,4.633969306945801,0.0,0.0,0.0,0.0,3.0,100.0,13.044721603393555
Sunday,14/01/2024,19:05:20,0,0,5,8.149999618530273,70.0,4.633969306945801,0.0,0.0,0.0,0.0,3.0,100.0,13.044721603393555
Sunday,14/01/2024,19:35:41,0,0,1,8.149999618530273,72.0,4.520856857299805,0.0,0.0,0.0,0.0,3.0,100.0,14.336860656738281
Sunday,14/01/2024,20:05:58,0,0,0,8.149999618530273,72.0,4.520856857299805,0.0,0.0,0.0,0.0,3.0,100.0,14.336860656738281
Sunday,14/01/2024,20:36:19,0,0,0,8.350000381469727,73.0,4.671281814575195,0.0,0.0,0.0,0.0,3.0,100.0,15.192682266235352
Sunday,14/01/2024,21:06:43,0,0,0,8.350000381469727,73.0,4.671281814575195,0.0,0.0,0.0,0.0,3.0,100.0,15.192682266235352
Sunday,14/01/2024,21:36:59,0,0,0,8.449999809265137,75.0,4.665422439575195,0.0,0.0,0.0,0.0,3.0,100.0,16.57564353942871
Sunday,14/01/2024,22:07:14,0,0,0,8.449999809265137,75.0,4.665422439575195,0.0,0.0,0.0,0.0,3.0,100.0,16.57564353942871
